symbol,entry_time,entry_price,exit_time,exit_price,initial_stop,stop_updates_count,pnl,pnl_pct,exit_reason
CZCE.AP605,2025-09-24 14:10:00.000000,8263.0,2025-09-25 09:35:00.000000,8242.0,8184.00,2,-210.00,-0.25%,初始止损 (前前绿柱堆间 K 线低点:8184.00)
CZCE.AP605,2025-10-14 10:10:00.000000,8675.0,2025-10-14 11:20:00.000000,8632.0,8632.00,1,-430.00,-0.50%,初始止损 (前前绿柱堆间 K 线低点:8632.00)
CZCE.AP605,2025-10-20 09:05:00.000000,8993.0,2025-10-22 09:00:00.000000,9235.0,8487.00,4,2420.00,2.69%,初始止损 (前前绿柱堆间 K 线低点:8487.00)
CZCE.AP605,2025-10-23 11:20:00.000000,9318.0,2025-10-24 09:00:00.000000,9327.0,9293.00,4,90.00,0.10%,初始止损 (前前绿柱堆间 K 线低点:9293.00)
CZCE.AP605,2025-10-27 11:25:00.000000,9548.0,2025-10-29 13:30:00.000000,9685.0,9300.00,5,1370.00,1.43%,初始止损 (前前绿柱堆间 K 线低点:9300.00)
CZCE.AP605,2025-11-26 09:00:00.000000,9476.0,2025-12-01 09:10:00.000000,9508.0,9259.00,4,320.00,0.34%,初始止损 (前前绿柱堆间 K 线低点:9259.00)
CZCE.AP605,2025-12-02 09:00:00.000000,9682.0,2025-12-03 09:05:00.000000,9709.0,9498.00,4,270.00,0.28%,移动止损 (前前绿柱堆间 K 线低点:9709.00)
CZCE.AP605,2025-12-10 11:15:00.000000,9560.0,2025-12-10 13:40:00.000000,9445.0,9445.00,1,-1150.00,-1.20%,初始止损 (前前绿柱堆间 K 线低点:9445.00)
CZCE.AP605,2025-12-12 10:00:00.000000,9520.0,2025-12-15 09:00:00.000000,9475.0,9463.00,2,-450.00,-0.47%,初始止损 (前前绿柱堆间 K 线低点:9463.00)
CZCE.AP605,2025-12-19 13:35:00.000000,9128.0,2025-12-22 14:40:00.000000,9206.0,9001.00,4,780.00,0.85%,移动止损 (前前绿柱堆间 K 线低点:9206.00)
CZCE.AP605,2026-01-05 14:50:00.000000,9558.0,2026-01-07 11:25:00.000000,9551.0,9162.00,3,-70.00,-0.07%,移动止损 (前前绿柱堆间 K 线低点:9551.00)
CZCE.AP605,2026-01-09 13:30:00.000000,9708.0,2026-01-12 10:10:00.000000,9685.0,9503.00,3,-230.00,-0.24%,移动止损 (前前绿柱堆间 K 线低点:9685.00)
CZCE.AP605,2026-01-14 09:35:00.000000,9795.0,2026-01-15 10:55:00.000000,9936.0,9760.00,4,1410.00,1.44%,移动止损 (前前绿柱堆间 K 线低点:9936.00)
CZCE.AP605,2026-01-27 09:35:00.000000,9526.0,2026-01-27 09:45:00.000000,9509.0,9509.00,1,-170.00,-0.18%,初始止损 (前前绿柱堆间 K 线低点:9509.00)
CZCE.AP605,2026-01-27 14:25:00.000000,9500.0,2026-01-28 13:40:00.000000,9494.0,9395.00,3,-60.00,-0.06%,初始止损 (前前绿柱堆间 K 线低点:9395.00)
CZCE.AP605,2026-02-04 09:40:00,9500.0,2026-02-06 09:05:00,9572.0,9452.00,3,720.00,0.76%,初始止损 (前前绿柱堆间 K 线低点:9452.00)
CZCE.AP605,2026-02-11 13:40:00,9601.0,2026-02-24 09:05:00,9734.0,9481.00,5,1330.00,1.39%,初始止损 (前前绿柱堆间 K 线低点:9481.00)
CZCE.CF605,2025-11-21 13:35:00.000000,13450.0,2025-11-21 13:40:00.000000,13460.0,13460.00,1,50.00,0.07%,初始止损 (前前绿柱堆间 K 线低点:13460.00)
CZCE.CF605,2025-11-24 10:45:00.000000,13545.0,2025-11-25 10:10:00.000000,13570.0,13455.00,5,125.00,0.18%,移动止损 (前前绿柱堆间 K 线低点:13570.00)
CZCE.CF605,2025-11-28 11:20:00.000000,13690.0,2025-11-28 13:40:00.000000,13675.0,13675.00,1,-75.00,-0.11%,初始止损 (前前绿柱堆间 K 线低点:13675.00)
CZCE.CF605,2025-12-02 10:05:00.000000,13765.0,2025-12-02 14:20:00.000000,13775.0,13740.00,3,50.00,0.07%,初始止损 (前前绿柱堆间 K 线低点:13740.00)
CZCE.CF605,2025-12-08 22:00:00.000000,13765.0,2025-12-09 09:45:00.000000,13755.0,13705.00,3,-50.00,-0.07%,移动止损 (前前绿柱堆间 K 线低点:13755.00)
CZCE.CF605,2025-12-24 11:05:00.000000,14190.0,2025-12-24 21:55:00.000000,14175.0,14110.00,3,-75.00,-0.11%,移动止损 (前前绿柱堆间 K 线低点:14175.00)
CZCE.CF605,2025-12-25 10:40:00.000000,14240.0,2025-12-25 13:55:00.000000,14225.0,14165.00,2,-75.00,-0.11%,初始止损 (前前绿柱堆间 K 线低点:14165.00)
CZCE.CF605,2025-12-30 21:10:00.000000,14610.0,2025-12-31 10:05:00.000000,14575.0,14490.00,3,-175.00,-0.24%,移动止损 (前前绿柱堆间 K 线低点:14575.00)
CZCE.CF605,2026-01-06 10:00:00.000000,14750.0,2026-01-07 09:05:00.000000,14880.0,14720.00,3,650.00,0.88%,初始止损 (前前绿柱堆间 K 线低点:14720.00)
CZCE.CF605,2026-01-12 21:10:00.000000,14700.0,2026-01-13 22:00:00.000000,14730.0,14485.00,4,150.00,0.20%,移动止损 (前前绿柱堆间 K 线低点:14730.00)
CZCE.CF605,2026-01-21 22:05:00.000000,14560.0,2026-01-22 14:25:00.000000,14605.0,14480.00,6,225.00,0.31%,初始止损 (前前绿柱堆间 K 线低点:14480.00)
CZCE.CF605,2026-01-28 11:25:00.000000,14760.0,2026-01-29 21:40:00.000000,14855.0,14655.00,3,475.00,0.64%,初始止损 (前前绿柱堆间 K 线低点:14655.00)
CZCE.CF605,2026-02-04 21:05:00.000000,14705.0,2026-02-05 10:35:00.000000,14615.0,14615.00,1,-450.00,-0.61%,初始止损 (前前绿柱堆间 K 线低点:14615.00)
CZCE.CF605,2026-02-10 10:05:00.000000,14630.0,2026-02-10 22:30:00.000000,14680.0,14565.00,4,250.00,0.34%,初始止损 (前前绿柱堆间 K 线低点:14565.00)
CZCE.CF605,2026-02-24 10:35:00,15140.0,2026-02-25 11:15:00,15355.0,14785.00,2,1075.00,1.42%,初始止损 (前前绿柱堆间 K 线低点:14785.00)
CZCE.CF605,2026-03-04 21:05:00,15255.0,2026-03-05 14:00:00,15310.0,15195.00,4,275.00,0.36%,初始止损 (前前绿柱堆间 K 线低点:15195.00)
CZCE.CF605,2026-03-06 14:40:00,15310.0,2026-03-06 21:10:00,15280.0,15270.00,2,-150.00,-0.20%,初始止损 (前前绿柱堆间 K 线低点:15270.00)
CZCE.CJ605,2025-09-23 09:00:00.000000,10725.0,2025-09-23 13:50:00.000000,10770.0,10655.00,2,225.00,0.42%,初始止损 (前前绿柱堆间 K 线低点:10655.00)
CZCE.CJ605,2025-10-10 09:05:00.000000,11125.0,2025-10-13 09:45:00.000000,11185.0,10760.00,4,300.00,0.54%,移动止损 (前前绿柱堆间 K 线低点:11185.00)
CZCE.CJ605,2025-10-16 14:50:00.000000,11385.0,2025-10-21 09:20:00.000000,11405.0,11200.00,5,100.00,0.18%,移动止损 (前前绿柱堆间 K 线低点:11405.00)
CZCE.CJ605,2025-10-31 11:25:00.000000,10250.0,2025-10-31 13:30:00.000000,10335.0,10335.00,1,425.00,0.83%,初始止损 (前前绿柱堆间 K 线低点:10335.00)
CZCE.CJ605,2025-11-07 10:05:00.000000,9725.0,2025-11-07 10:10:00.000000,9730.0,9730.00,1,50.00,0.05%,初始止损 (前前绿柱堆间 K 线低点:9730.00)
CZCE.CJ605,2025-12-05 11:20:00.000000,9380.0,2025-12-09 09:40:00.000000,9380.0,9120.00,4,0.00,0.00%,移动止损 (前前绿柱堆间 K 线低点:9380.00)
CZCE.CJ605,2026-01-07 10:35:00.000000,9165.0,2026-01-07 14:30:00.000000,9140.0,8945.00,2,-250.00,-0.27%,初始止损 (前前绿柱堆间 K 线低点:8945.00)
CZCE.CJ605,2026-02-04 10:45:00,8935.0,2026-02-04 11:00:00,8915.0,8915.00,1,-200.00,-0.22%,初始止损 (前前绿柱堆间 K 线低点:8915.00)
CZCE.CJ605,2026-02-24 10:55:00,8810.0,2026-02-26 11:30:00,8900.0,8785.00,5,900.00,1.02%,移动止损 (前前绿柱堆间 K 线低点:8900.00)
CZCE.CJ605,2026-03-05 14:30:00,9060.0,2026-03-06 14:40:00,9030.0,8775.00,4,-300.00,-0.33%,移动止损 (前前绿柱堆间 K 线低点:9030.00)
CZCE.FG605,2025-11-28 14:15:00.000000,1171.0,2025-11-28 21:00:00.000000,1167.0,1163.00,2,-320.00,-0.34%,初始止损 (前前绿柱堆间 K 线低点:1163.00)
CZCE.FG605,2026-01-05 10:10:00.000000,1086.0,2026-01-05 13:55:00.000000,1081.0,1081.00,1,-400.00,-0.46%,初始止损 (前前绿柱堆间 K 线低点:1081.00)
CZCE.FG605,2026-01-27 14:20:00.000000,1070.0,2026-01-27 14:25:00.000000,1072.0,1072.00,1,160.00,0.19%,初始止损 (前前绿柱堆间 K 线低点:1072.00)
CZCE.FG605,2026-01-27 21:15:00.000000,1068.0,2026-01-27 21:20:00.000000,1066.0,1066.00,1,-160.00,-0.19%,初始止损 (前前绿柱堆间 K 线低点:1066.00)
CZCE.FG605,2026-02-12 11:15:00,1075.0,2026-02-12 14:40:00,1064.0,1064.00,1,-880.00,-1.02%,初始止损 (前前绿柱堆间 K 线低点:1064.00)
CZCE.FG605,2026-03-11 14:15:00,1110.0,2026-03-12 13:45:00,1115.0,1090.00,3,400.00,0.45%,初始止损 (前前绿柱堆间 K 线低点:1090.00)
CZCE.MA605,2025-11-24 10:00:00.000000,2176.0,2025-11-25 09:00:00.000000,2200.0,2149.00,4,960.00,1.10%,初始止损 (前前绿柱堆间 K 线低点:2149.00)
CZCE.MA605,2025-11-26 09:00:00.000000,2202.0,2025-11-26 21:20:00.000000,2199.0,2187.00,3,-120.00,-0.14%,初始止损 (前前绿柱堆间 K 线低点:2187.00)
CZCE.MA605,2025-12-16 14:40:00.000000,2132.0,2025-12-16 21:45:00.000000,2128.0,2100.00,2,-160.00,-0.19%,初始止损 (前前绿柱堆间 K 线低点:2100.00)
CZCE.MA605,2025-12-29 21:55:00.000000,2177.0,2025-12-31 10:05:00.000000,2222.0,2153.00,5,1800.00,2.07%,移动止损 (前前绿柱堆间 K 线低点:2222.00)
CZCE.MA605,2026-01-05 22:10:00.000000,2275.0,2026-01-07 11:05:00.000000,2263.0,2226.00,3,-480.00,-0.53%,移动止损 (前前绿柱堆间 K 线低点:2263.00)
CZCE.MA605,2026-01-09 14:30:00.000000,2261.0,2026-01-12 09:45:00.000000,2256.0,2221.00,3,-200.00,-0.22%,初始止损 (前前绿柱堆间 K 线低点:2221.00)
CZCE.MA605,2026-01-14 10:30:00.000000,2289.0,2026-01-15 09:00:00.000000,2292.0,2273.00,3,120.00,0.13%,初始止损 (前前绿柱堆间 K 线低点:2273.00)
CZCE.MA605,2026-01-28 13:40:00.000000,2343.0,2026-01-28 13:55:00.000000,2338.0,2335.00,3,-200.00,-0.21%,移动止损 (前前绿柱堆间 K 线低点:2338.00)
CZCE.MA605,2026-01-29 21:05:00.000000,2360.0,2026-01-29 21:30:00.000000,2350.0,2350.00,1,-400.00,-0.42%,初始止损 (前前绿柱堆间 K 线低点:2350.00)
CZCE.MA605,2026-02-10 14:30:00.000000,2240.0,2026-02-10 21:10:00.000000,2236.0,2236.00,1,-160.00,-0.18%,初始止损 (前前绿柱堆间 K 线低点:2236.00)
CZCE.MA605,2026-02-12 22:35:00,2246.0,2026-02-13 09:05:00,2235.0,2235.00,1,-440.00,-0.49%,初始止损 (前前绿柱堆间 K 线低点:2235.00)
CZCE.MA605,2026-02-24 10:00:00,2278.0,2026-02-25 14:10:00,2249.0,2191.00,3,-1160.00,-1.27%,初始止损 (前前绿柱堆间 K 线低点:2191.00)
CZCE.MA605,2026-03-06 14:15:00,2586.0,2026-03-09 21:25:00,2657.0,2477.00,4,2130.00,2.75%,初始止损 (前前绿柱堆间 K 线低点:2477.00)
CZCE.OI605,2025-11-24 13:35:00.000000,9480.0,2025-11-24 22:20:00.000000,9468.0,9394.00,3,-120.00,-0.13%,移动止损 (前前绿柱堆间 K 线低点:9468.00)
CZCE.OI605,2025-11-26 13:30:00.000000,9544.0,2025-11-26 21:00:00.000000,9520.0,9415.00,2,-240.00,-0.25%,初始止损 (前前绿柱堆间 K 线低点:9415.00)
CZCE.OI605,2025-11-27 14:20:00.000000,9550.0,2025-11-28 09:05:00.000000,9536.0,9490.00,2,-140.00,-0.15%,初始止损 (前前绿柱堆间 K 线低点:9490.00)
CZCE.OI605,2025-12-02 14:30:00.000000,9481.0,2025-12-03 09:05:00.000000,9477.0,9416.00,3,-40.00,-0.04%,移动止损 (前前绿柱堆间 K 线低点:9477.00)
CZCE.OI605,2025-12-03 11:15:00.000000,9488.0,2025-12-03 21:00:00.000000,9466.0,9466.00,1,-220.00,-0.23%,初始止损 (前前绿柱堆间 K 线低点:9466.00)
CZCE.OI605,2025-12-22 14:15:00.000000,8819.0,2025-12-23 10:50:00.000000,8800.0,8800.00,1,-190.00,-0.22%,初始止损 (前前绿柱堆间 K 线低点:8800.00)
CZCE.OI605,2026-01-12 21:00:00.000000,8994.0,2026-01-12 21:05:00.000000,9003.0,9003.00,1,90.00,0.10%,初始止损 (前前绿柱堆间 K 线低点:9003.00)
CZCE.OI605,2026-01-14 11:20:00.000000,8994.0,2026-01-14 13:45:00.000000,8950.0,8950.00,1,-440.00,-0.49%,初始止损 (前前绿柱堆间 K 线低点:8950.00)
CZCE.OI605,2026-01-16 09:00:00.000000,9130.0,2026-01-19 09:25:00.000000,8916.0,8812.00,3,-2140.00,-2.34%,移动止损 (前前绿柱堆间 K 线低点:8916.00)
CZCE.OI605,2026-01-23 22:00:00.000000,9066.0,2026-01-27 21:00:00.000000,9316.0,8968.00,7,2500.00,2.76%,移动止损 (前前绿柱堆间 K 线低点:9316.00)
CZCE.OI605,2026-01-28 22:00:00.000000,9373.0,2026-01-29 21:35:00.000000,9454.0,9318.00,4,810.00,0.86%,初始止损 (前前绿柱堆间 K 线低点:9318.00)
CZCE.OI605,2026-02-11 11:20:00.000000,9130.0,2026-02-11 14:45:00.000000,9120.0,9113.00,2,-100.00,-0.11%,初始止损 (前前绿柱堆间 K 线低点:9113.00)
CZCE.OI605,2026-03-02 14:15:00,9365.0,2026-03-04 09:25:00,9467.0,9239.00,4,1020.00,1.09%,初始止损 (前前绿柱堆间 K 线低点:9239.00)
CZCE.OI605,2026-03-06 10:00:00,9586.0,2026-03-09 21:50:00,9950.0,9494.00,5,3640.00,3.80%,移动止损 (前前绿柱堆间 K 线低点:9950.00)
CZCE.OI605,2026-03-12 11:25:00,9869.0,2026-03-12 13:40:00,9771.0,9771.00,1,-980.00,-0.99%,初始止损 (前前绿柱堆间 K 线低点:9771.00)
CZCE.PF606,2025-12-17 11:15:00.000000,6152.0,2025-12-18 10:00:00.000000,6168.0,6108.00,4,240.00,0.26%,移动止损 (前前绿柱堆间 K 线低点:6168.00)
CZCE.PF606,2025-12-24 09:05:00.000000,6480.0,2025-12-26 21:00:00.000000,6612.0,6422.00,7,1980.00,2.04%,初始止损 (前前绿柱堆间 K 线低点:6422.00)
CZCE.PF606,2026-01-07 21:00:00.000000,6594.0,2026-01-07 21:05:00.000000,6600.0,6600.00,1,90.00,0.09%,初始止损 (前前绿柱堆间 K 线低点:6600.00)
CZCE.PF606,2026-01-13 11:20:00.000000,6582.0,2026-01-14 09:05:00.000000,6558.0,6504.00,3,-360.00,-0.36%,初始止损 (前前绿柱堆间 K 线低点:6504.00)
CZCE.PF606,2026-01-30 11:25:00.000000,6704.0,2026-01-30 13:30:00.000000,6778.0,6778.00,1,740.00,1.10%,初始止损 (前前绿柱堆间 K 线低点:6778.00)
CZCE.PF606,2026-02-05 22:00:00.000000,6554.0,2026-02-06 21:00:00.000000,6532.0,6514.00,2,-330.00,-0.34%,初始止损 (前前绿柱堆间 K 线低点:6514.00)
CZCE.PF606,2026-02-24 10:00:00,6766.0,2026-02-25 10:35:00,6812.0,6586.00,4,460.00,0.68%,移动止损 (前前绿柱堆间 K 线低点:6812.00)
CZCE.PF606,2026-03-05 11:25:00,7336.0,2026-03-05 23:00:00,7264.0,7020.00,4,-720.00,-0.98%,移动止损 (前前绿柱堆间 K 线低点:7264.00)
CZCE.PF606,2026-03-06 11:15:00,7370.0,2026-03-10 10:40:00,7928.0,7264.00,3,5580.00,7.57%,移动止损 (前前绿柱堆间 K 线低点:7928.00)
CZCE.PF606,2026-03-11 14:15:00,7958.0,2026-03-12 14:55:00,8282.0,8094.00,3,3240.00,4.07%,回测结束
CZCE.PK605,2025-10-09 14:15:00.000000,7846.0,2025-10-16 11:25:00.000000,8088.0,7820.00,9,2420.00,3.08%,初始止损 (前前绿柱堆间 K 线低点:7820.00)
CZCE.PK605,2025-12-23 10:05:00.000000,7942.0,2025-12-23 13:50:00.000000,7932.0,7922.00,2,-100.00,-0.13%,初始止损 (前前绿柱堆间 K 线低点:7922.00)
CZCE.PK605,2025-12-30 13:55:00.000000,7952.0,2025-12-31 09:45:00.000000,7950.0,7924.00,3,-20.00,-0.03%,初始止损 (前前绿柱堆间 K 线低点:7924.00)
CZCE.PK605,2026-01-07 09:35:00.000000,8020.0,2026-01-07 14:30:00.000000,8028.0,7956.00,3,80.00,0.10%,移动止损 (前前绿柱堆间 K 线低点:8028.00)
CZCE.PK605,2026-03-11 10:05:00,8002.0,2026-03-12 14:55:00,8098.0,7986.00,1,960.00,1.20%,回测结束
CZCE.PR605,2025-11-24 13:45:00.000000,5792.0,2025-11-25 09:50:00.000000,5784.0,5724.00,4,-120.00,-0.14%,移动止损 (前前绿柱堆间 K 线低点:5784.00)
CZCE.PR605,2025-11-26 11:20:00.000000,5800.0,2025-11-27 09:20:00.000000,5776.0,5744.00,2,-360.00,-0.41%,初始止损 (前前绿柱堆间 K 线低点:5744.00)
CZCE.PR605,2025-12-15 09:30:00.000000,5654.0,2025-12-15 10:40:00.000000,5650.0,5650.00,1,-60.00,-0.07%,初始止损 (前前绿柱堆间 K 线低点:5650.00)
CZCE.PR605,2025-12-16 14:30:00.000000,5630.0,2025-12-17 09:05:00.000000,5628.0,5606.00,4,-30.00,-0.04%,移动止损 (前前绿柱堆间 K 线低点:5628.00)
CZCE.PR605,2025-12-23 21:15:00.000000,5918.0,2025-12-26 21:00:00.000000,6096.0,5884.00,8,2670.00,3.01%,初始止损 (前前绿柱堆间 K 线低点:5884.00)
CZCE.PR605,2025-12-30 13:50:00.000000,6090.0,2025-12-30 14:15:00.000000,6086.0,6064.00,2,-60.00,-0.07%,初始止损 (前前绿柱堆间 K 线低点:6064.00)
CZCE.PR605,2026-01-13 10:50:00.000000,6088.0,2026-01-13 13:30:00.000000,6080.0,6080.00,1,-120.00,-0.13%,初始止损 (前前绿柱堆间 K 线低点:6080.00)
CZCE.PR605,2026-01-14 21:05:00.000000,6140.0,2026-01-15 09:00:00.000000,6110.0,6110.00,1,-450.00,-0.49%,初始止损 (前前绿柱堆间 K 线低点:6110.00)
CZCE.PR605,2026-01-29 13:45:00.000000,6328.0,2026-01-29 14:45:00.000000,6310.0,6270.00,2,-270.00,-0.28%,初始止损 (前前绿柱堆间 K 线低点:6270.00)
CZCE.PR605,2026-02-05 22:25:00.000000,6126.0,2026-02-06 09:00:00.000000,6100.0,6100.00,1,-390.00,-0.42%,初始止损 (前前绿柱堆间 K 线低点:6100.00)
CZCE.PR605,2026-02-06 13:30:00.000000,6154.0,2026-02-06 21:00:00.000000,6090.0,6090.00,1,-960.00,-1.04%,初始止损 (前前绿柱堆间 K 线低点:6090.00)
CZCE.PR605,2026-02-09 11:05:00.000000,6166.0,2026-02-12 09:05:00,6226.0,6102.00,6,900.00,0.97%,初始止损 (前前绿柱堆间 K 线低点:6102.00)
CZCE.PR605,2026-02-24 10:45:00,6294.0,2026-02-25 10:40:00,6308.0,6104.00,4,210.00,0.22%,移动止损 (前前绿柱堆间 K 线低点:6308.00)
CZCE.PX605,2025-11-26 11:20:00.000000,6822.0,2025-11-27 09:20:00.000000,6778.0,6740.00,2,-440.00,-0.64%,初始止损 (前前绿柱堆间 K 线低点:6740.00)
CZCE.PX605,2025-11-28 10:00:00.000000,6810.0,2025-12-01 22:00:00.000000,6934.0,6760.00,3,1240.00,1.82%,初始止损 (前前绿柱堆间 K 线低点:6760.00)
CZCE.PX605,2025-12-11 10:35:00.000000,6842.0,2025-12-11 21:20:00.000000,6754.0,6754.00,1,-880.00,-1.29%,初始止损 (前前绿柱堆间 K 线低点:6754.00)
CZCE.PX605,2025-12-15 09:00:00.000000,6754.0,2025-12-15 14:55:00.000000,6762.0,6722.00,3,80.00,0.12%,初始止损 (前前绿柱堆间 K 线低点:6722.00)
CZCE.PX605,2025-12-17 11:15:00.000000,6740.0,2025-12-23 14:00:00.000000,7190.0,6686.00,11,4500.00,6.68%,移动止损 (前前绿柱堆间 K 线低点:7190.00)
CZCE.PX605,2025-12-23 22:00:00.000000,7330.0,2025-12-24 10:50:00.000000,7292.0,7174.00,2,-380.00,-0.52%,初始止损 (前前绿柱堆间 K 线低点:7174.00)
CZCE.PX605,2026-01-06 10:50:00.000000,7384.0,2026-01-06 21:00:00.000000,7334.0,7178.00,2,-500.00,-0.68%,初始止损 (前前绿柱堆间 K 线低点:7178.00)
CZCE.PX605,2026-01-09 21:45:00.000000,7290.0,2026-01-12 14:15:00.000000,7350.0,7260.00,3,600.00,0.82%,初始止损 (前前绿柱堆间 K 线低点:7260.00)
CZCE.PX605,2026-01-29 13:35:00.000000,7512.0,2026-01-29 21:50:00.000000,7514.0,7454.00,5,20.00,0.03%,移动止损 (前前绿柱堆间 K 线低点:7514.00)
CZCE.PX605,2026-01-30 11:25:00.000000,7398.0,2026-01-30 13:30:00.000000,7510.0,7510.00,1,1120.00,1.51%,初始止损 (前前绿柱堆间 K 线低点:7510.00)
CZCE.PX605,2026-02-05 14:25:00.000000,7198.0,2026-02-05 14:30:00.000000,7230.0,7230.00,1,320.00,0.44%,初始止损 (前前绿柱堆间 K 线低点:7230.00)
CZCE.PX605,2026-02-05 22:15:00.000000,7218.0,2026-02-06 21:00:00.000000,7182.0,7144.00,2,-360.00,-0.50%,初始止损 (前前绿柱堆间 K 线低点:7144.00)
CZCE.PX605,2026-02-27 21:15:00,7464.0,2026-03-04 09:05:00,7962.0,7376.00,6,4980.00,6.67%,初始止损 (前前绿柱堆间 K 线低点:7376.00)
CZCE.PX605,2026-03-04 15:00:00,8088.0,2026-03-04 21:05:00,7926.0,7926.00,1,-1620.00,-2.00%,初始止损 (前前绿柱堆间 K 线低点:7926.00)
CZCE.PX605,2026-03-06 11:15:00,8520.0,2026-03-10 09:05:00,8906.0,8250.00,3,3860.00,4.53%,初始止损 (前前绿柱堆间 K 线低点:8250.00)
CZCE.PX605,2026-03-11 14:15:00,9454.0,2026-03-12 14:55:00,10146.0,8672.00,2,6920.00,7.32%,回测结束
CZCE.RM605,2025-11-20 22:00:00.000000,2393.0,2025-11-21 14:45:00.000000,2369.0,2369.00,1,-960.00,-1.00%,初始止损 (前前绿柱堆间 K 线低点:2369.00)
CZCE.RM605,2025-12-03 22:10:00.000000,2411.0,2025-12-03 22:35:00.000000,2406.0,2406.00,1,-200.00,-0.21%,初始止损 (前前绿柱堆间 K 线低点:2406.00)
CZCE.RM605,2025-12-22 10:00:00.000000,2331.0,2025-12-24 11:25:00.000000,2349.0,2316.00,6,720.00,0.77%,移动止损 (前前绿柱堆间 K 线低点:2349.00)
CZCE.RM605,2025-12-25 21:00:00.000000,2378.0,2025-12-26 21:45:00.000000,2396.0,2315.00,5,720.00,0.76%,移动止损 (前前绿柱堆间 K 线低点:2396.00)
CZCE.RM605,2026-01-06 09:30:00.000000,2379.0,2026-01-06 11:00:00.000000,2373.0,2358.00,2,-240.00,-0.25%,初始止损 (前前绿柱堆间 K 线低点:2358.00)
CZCE.RM605,2026-01-20 14:45:00.000000,2232.0,2026-01-20 21:40:00.000000,2229.0,2202.00,4,-120.00,-0.13%,移动止损 (前前绿柱堆间 K 线低点:2229.00)
CZCE.RM605,2026-02-10 11:20:00.000000,2242.0,2026-02-12 09:05:00,2289.0,2230.00,6,1880.00,2.10%,移动止损 (前前绿柱堆间 K 线低点:2289.00)
CZCE.RM605,2026-03-02 21:25:00,2292.0,2026-03-04 10:10:00,2319.0,2276.00,7,1080.00,1.18%,移动止损 (前前绿柱堆间 K 线低点:2319.00)
CZCE.RM605,2026-03-05 21:35:00,2323.0,2026-03-09 22:05:00,2410.0,2301.00,6,3480.00,3.75%,移动止损 (前前绿柱堆间 K 线低点:2410.00)
CZCE.RM605,2026-03-11 21:10:00,2495.0,2026-03-12 09:10:00,2487.0,2438.00,3,-320.00,-0.32%,移动止损 (前前绿柱堆间 K 线低点:2487.00)
CZCE.RS609,2026-01-13 15:00:00,5483.0,2026-01-16 10:00:00,5496.0,5302.00,4,130.00,0.24%,初始止损 (前前绿柱堆间 K 线低点:5302.00)
CZCE.RS609,2026-01-29 10:10:00,5778.0,2026-01-30 11:10:00,5901.0,5540.00,3,1230.00,2.13%,初始止损 (前前绿柱堆间 K 线低点:5540.00)
CZCE.SA605,2025-11-27 21:25:00.000000,1237.0,2025-11-27 21:30:00.000000,1237.0,1237.00,1,0.00,0.00%,初始止损 (前前绿柱堆间 K 线低点:1237.00)
CZCE.SA605,2025-12-23 21:35:00.000000,1174.0,2025-12-24 09:25:00.000000,1165.0,1165.00,1,-720.00,-0.77%,初始止损 (前前绿柱堆间 K 线低点:1165.00)
CZCE.SA605,2025-12-25 14:45:00.000000,1185.0,2025-12-25 22:40:00.000000,1176.0,1176.00,1,-720.00,-0.76%,初始止损 (前前绿柱堆间 K 线低点:1176.00)
CZCE.SA605,2025-12-30 10:30:00.000000,1209.0,2025-12-31 14:05:00.000000,1213.0,1183.00,3,320.00,0.33%,移动止损 (前前绿柱堆间 K 线低点:1213.00)
CZCE.SA605,2026-01-06 22:00:00.000000,1231.0,2026-01-08 11:05:00.000000,1228.0,1172.00,3,-240.00,-0.24%,初始止损 (前前绿柱堆间 K 线低点:1172.00)
CZCE.SA605,2026-01-12 14:25:00.000000,1239.0,2026-01-12 21:00:00.000000,1232.0,1222.00,2,-560.00,-0.56%,初始止损 (前前绿柱堆间 K 线低点:1222.00)
CZCE.SA605,2026-01-27 14:55:00.000000,1194.0,2026-01-27 21:00:00.000000,1190.0,1190.00,1,-320.00,-0.34%,初始止损 (前前绿柱堆间 K 线低点:1190.00)
CZCE.SA605,2026-01-30 22:00:00.000000,1227.0,2026-02-02 11:25:00.000000,1203.0,1200.00,2,-1920.00,-1.96%,初始止损 (前前绿柱堆间 K 线低点:1200.00)
CZCE.SA605,2026-02-24 21:05:00,1180.0,2026-02-25 14:25:00,1186.0,1152.00,3,480.00,0.51%,初始止损 (前前绿柱堆间 K 线低点:1152.00)
CZCE.SA605,2026-02-27 09:20:00,1182.0,2026-03-02 09:15:00,1186.0,1176.00,3,320.00,0.34%,初始止损 (前前绿柱堆间 K 线低点:1176.00)
CZCE.SA605,2026-03-03 15:00:00,1218.0,2026-03-04 23:00:00,1204.0,1181.00,4,-1120.00,-1.15%,初始止损 (前前绿柱堆间 K 线低点:1181.00)
CZCE.SA605,2026-03-05 10:35:00,1217.0,2026-03-09 21:20:00,1259.0,1207.00,5,3360.00,3.45%,初始止损 (前前绿柱堆间 K 线低点:1207.00)
CZCE.SF605,2025-09-24 14:35:00.000000,5840.0,2025-09-25 09:00:00.000000,5752.0,5752.00,1,-1320.00,-1.51%,初始止损 (前前绿柱堆间 K 线低点:5752.00)
CZCE.SF605,2025-10-15 10:00:00.000000,5478.0,2025-10-16 09:00:00.000000,5426.0,5426.00,1,-780.00,-0.95%,初始止损 (前前绿柱堆间 K 线低点:5426.00)
CZCE.SF605,2025-10-27 11:15:00.000000,5616.0,2025-10-28 11:25:00.000000,5634.0,5592.00,5,270.00,0.32%,移动止损 (前前绿柱堆间 K 线低点:5634.00)
CZCE.SF605,2025-10-29 13:55:00.000000,5660.0,2025-10-29 14:00:00.000000,5656.0,5656.00,1,-60.00,-0.07%,初始止损 (前前绿柱堆间 K 线低点:5656.00)
CZCE.SF605,2025-11-17 11:10:00.000000,5592.0,2025-11-18 11:00:00.000000,5490.0,5490.00,1,-1530.00,-1.82%,初始止损 (前前绿柱堆间 K 线低点:5490.00)
CZCE.SF605,2025-12-01 09:00:00.000000,5376.0,2025-12-02 14:00:00.000000,5416.0,5322.00,4,600.00,0.74%,初始止损 (前前绿柱堆间 K 线低点:5322.00)
CZCE.SF605,2025-12-04 14:15:00.000000,5508.0,2025-12-05 11:10:00.000000,5494.0,5400.00,3,-210.00,-0.25%,移动止损 (前前绿柱堆间 K 线低点:5494.00)
CZCE.SF605,2025-12-17 09:00:00.000000,5454.0,2025-12-17 09:10:00.000000,5442.0,5442.00,1,-180.00,-0.22%,初始止损 (前前绿柱堆间 K 线低点:5442.00)
CZCE.SF605,2026-01-28 14:45:00.000000,5614.0,2026-01-30 11:10:00.000000,5608.0,5568.00,2,-90.00,-0.11%,初始止损 (前前绿柱堆间 K 线低点:5568.00)
CZCE.SF605,2026-03-06 13:45:00,5852.0,2026-03-10 09:05:00,5814.0,5802.00,2,-570.00,-0.65%,初始止损 (前前绿柱堆间 K 线低点:5802.00)
CZCE.SH605,2025-11-20 13:35:00.000000,2416.0,2025-11-20 21:00:00.000000,2411.0,2398.00,3,-150.00,-0.21%,移动止损 (前前绿柱堆间 K 线低点:2411.00)
CZCE.SH605,2025-11-24 10:10:00.000000,2397.0,2025-11-25 09:00:00.000000,2395.0,2389.00,2,-60.00,-0.08%,初始止损 (前前绿柱堆间 K 线低点:2389.00)
CZCE.SH605,2025-11-27 10:05:00.000000,2388.0,2025-11-28 10:50:00.000000,2391.0,2374.00,4,90.00,0.13%,移动止损 (前前绿柱堆间 K 线低点:2391.00)
CZCE.SH605,2025-12-16 11:20:00.000000,2274.0,2025-12-16 11:25:00.000000,2275.0,2275.00,1,30.00,0.04%,初始止损 (前前绿柱堆间 K 线低点:2275.00)
CZCE.SH605,2025-12-17 21:00:00.000000,2283.0,2025-12-19 09:00:00.000000,2308.0,2260.00,4,750.00,1.10%,初始止损 (前前绿柱堆间 K 线低点:2260.00)
CZCE.SH605,2025-12-22 21:05:00.000000,2309.0,2025-12-23 10:40:00.000000,2282.0,2262.00,3,-810.00,-1.17%,移动止损 (前前绿柱堆间 K 线低点:2282.00)
CZCE.SH605,2025-12-23 22:05:00.000000,2356.0,2025-12-24 22:35:00.000000,2353.0,2282.00,3,-90.00,-0.13%,移动止损 (前前绿柱堆间 K 线低点:2353.00)
CZCE.SH605,2026-01-22 11:20:00.000000,2148.0,2026-01-26 22:30:00.000000,2224.0,2138.00,8,2280.00,3.54%,移动止损 (前前绿柱堆间 K 线低点:2224.00)
CZCE.SH605,2026-01-28 10:00:00.000000,2210.0,2026-01-28 10:05:00.000000,2208.0,2208.00,1,-60.00,-0.09%,初始止损 (前前绿柱堆间 K 线低点:2208.00)
CZCE.SH605,2026-01-30 21:00:00.000000,2234.0,2026-02-03 10:40:00.000000,2219.0,2180.00,3,-450.00,-0.67%,初始止损 (前前绿柱堆间 K 线低点:2180.00)
CZCE.SH605,2026-02-27 14:55:00,2124.0,2026-03-02 09:05:00,2120.0,2096.00,3,-120.00,-0.19%,移动止损 (前前绿柱堆间 K 线低点:2120.00)
CZCE.SH605,2026-03-03 11:25:00,2090.0,2026-03-06 09:05:00,2297.0,2072.00,5,6210.00,9.90%,初始止损 (前前绿柱堆间 K 线低点:2072.00)
CZCE.SH605,2026-03-11 13:35:00,2444.0,2026-03-12 14:50:00,2482.0,2300.00,3,1140.00,1.55%,初始止损 (前前绿柱堆间 K 线低点:2300.00)
CZCE.SM605,2025-09-24 14:15:00.000000,5964.0,2025-09-24 14:50:00.000000,5954.0,5954.00,1,-150.00,-0.17%,初始止损 (前前绿柱堆间 K 线低点:5954.00)
CZCE.SM605,2025-10-20 10:10:00.000000,5806.0,2025-10-20 14:15:00.000000,5790.0,5744.00,3,-240.00,-0.28%,移动止损 (前前绿柱堆间 K 线低点:5790.00)
CZCE.SM605,2025-11-10 14:20:00.000000,5874.0,2025-11-11 14:10:00.000000,5868.0,5804.00,3,-90.00,-0.10%,移动止损 (前前绿柱堆间 K 线低点:5868.00)
CZCE.SM605,2025-11-24 10:05:00.000000,5704.0,2025-11-24 13:45:00.000000,5726.0,5658.00,4,330.00,0.39%,移动止损 (前前绿柱堆间 K 线低点:5726.00)
CZCE.SM605,2025-11-28 11:10:00.000000,5670.0,2025-11-28 14:05:00.000000,5660.0,5660.00,1,-150.00,-0.18%,初始止损 (前前绿柱堆间 K 线低点:5660.00)
CZCE.SM605,2025-12-29 13:30:00.000000,5924.0,2025-12-30 13:45:00.000000,5918.0,5842.00,3,-90.00,-0.10%,初始止损 (前前绿柱堆间 K 线低点:5842.00)
CZCE.SM605,2026-01-27 14:15:00.000000,5810.0,2026-01-27 14:20:00.000000,5830.0,5830.00,1,300.00,0.34%,初始止损 (前前绿柱堆间 K 线低点:5830.00)
CZCE.SM605,2026-01-28 14:35:00.000000,5822.0,2026-01-30 13:35:00.000000,5916.0,5794.00,4,1410.00,1.61%,移动止损 (前前绿柱堆间 K 线低点:5916.00)
CZCE.SR605,2025-11-24 13:35:00.000000,5317.0,2025-11-25 22:05:00.000000,5320.0,5299.00,2,30.00,0.06%,初始止损 (前前绿柱堆间 K 线低点:5299.00)
CZCE.SR605,2025-12-10 21:00:00.000000,5236.0,2025-12-11 10:05:00.000000,5221.0,5221.00,1,-150.00,-0.29%,初始止损 (前前绿柱堆间 K 线低点:5221.00)
CZCE.SR605,2025-12-15 10:30:00.000000,5232.0,2025-12-15 10:45:00.000000,5230.0,5230.00,1,-20.00,-0.04%,初始止损 (前前绿柱堆间 K 线低点:5230.00)
CZCE.SR605,2026-01-06 10:05:00.000000,5265.0,2026-01-07 10:30:00.000000,5285.0,5238.00,5,200.00,0.38%,移动止损 (前前绿柱堆间 K 线低点:5285.00)
CZCE.SR605,2026-01-12 14:15:00.000000,5294.0,2026-01-12 21:00:00.000000,5276.0,5276.00,1,-180.00,-0.34%,初始止损 (前前绿柱堆间 K 线低点:5276.00)
CZCE.SR605,2026-02-09 21:00:00.000000,5273.0,2026-02-10 10:55:00.000000,5271.0,5229.00,3,-20.00,-0.04%,初始止损 (前前绿柱堆间 K 线低点:5229.00)
CZCE.SR605,2026-02-25 10:35:00,5261.0,2026-02-25 14:20:00,5255.0,5238.00,3,-60.00,-0.11%,移动止损 (前前绿柱堆间 K 线低点:5255.00)
CZCE.SR605,2026-03-02 11:25:00,5327.0,2026-03-02 22:30:00,5316.0,5316.00,1,-110.00,-0.21%,初始止损 (前前绿柱堆间 K 线低点:5316.00)
CZCE.TA605,2025-11-26 11:20:00.000000,4744.0,2025-11-27 09:05:00.000000,4716.0,4694.00,2,-560.00,-0.59%,初始止损 (前前绿柱堆间 K 线低点:4694.00)
CZCE.TA605,2025-11-28 11:15:00.000000,4730.0,2025-12-01 22:50:00.000000,4816.0,4658.00,4,1720.00,1.82%,初始止损 (前前绿柱堆间 K 线低点:4658.00)
CZCE.TA605,2025-12-11 11:00:00.000000,4756.0,2025-12-11 21:35:00.000000,4688.0,4688.00,1,-1360.00,-1.43%,初始止损 (前前绿柱堆间 K 线低点:4688.00)
CZCE.TA605,2025-12-15 10:00:00.000000,4712.0,2025-12-15 21:00:00.000000,4690.0,4670.00,2,-440.00,-0.47%,初始止损 (前前绿柱堆间 K 线低点:4670.00)
CZCE.TA605,2025-12-23 22:00:00.000000,5120.0,2025-12-24 10:50:00.000000,5106.0,5002.00,3,-210.00,-0.27%,初始止损 (前前绿柱堆间 K 线低点:5002.00)
CZCE.TA605,2026-01-07 21:15:00.000000,5156.0,2026-01-07 22:25:00.000000,5106.0,5106.00,1,-750.00,-0.97%,初始止损 (前前绿柱堆间 K 线低点:5106.00)
CZCE.TA605,2026-01-13 11:20:00.000000,5166.0,2026-01-13 14:55:00.000000,5146.0,5090.00,3,-300.00,-0.39%,移动止损 (前前绿柱堆间 K 线低点:5146.00)
CZCE.TA605,2026-03-06 11:15:00,5940.0,2026-03-10 10:15:00,6518.0,5788.00,3,8670.00,9.73%,移动止损 (前前绿柱堆间 K 线低点:6518.00)
CZCE.TA605,2026-03-11 14:15:00,6590.0,2026-03-12 14:55:00,6946.0,6084.00,2,5340.00,5.40%,回测结束
CZCE.UR605,2025-09-24 13:35:00.000000,1727.0,2025-09-25 14:00:00.000000,1726.0,1712.00,4,-40.00,-0.06%,移动止损 (前前绿柱堆间 K 线低点:1726.00)
CZCE.UR605,2025-10-28 10:55:00.000000,1709.0,2025-10-28 11:05:00.000000,1707.0,1707.00,1,-80.00,-0.12%,初始止损 (前前绿柱堆间 K 线低点:1707.00)
CZCE.UR605,2025-11-04 14:25:00.000000,1716.0,2025-11-05 09:00:00.000000,1706.0,1706.00,1,-400.00,-0.58%,初始止损 (前前绿柱堆间 K 线低点:1706.00)
CZCE.UR605,2025-12-03 14:15:00.000000,1749.0,2025-12-03 14:20:00.000000,1750.0,1750.00,1,40.00,0.06%,初始止损 (前前绿柱堆间 K 线低点:1750.00)
CZCE.UR605,2025-12-17 11:15:00.000000,1685.0,2025-12-19 10:50:00.000000,1697.0,1666.00,5,480.00,0.71%,移动止损 (前前绿柱堆间 K 线低点:1697.00)
CZCE.UR605,2026-01-05 10:35:00.000000,1773.0,2026-01-05 14:40:00.000000,1768.0,1742.00,3,-200.00,-0.28%,移动止损 (前前绿柱堆间 K 线低点:1768.00)
CZCE.UR605,2026-01-14 14:45:00.000000,1811.0,2026-01-15 11:10:00.000000,1806.0,1773.00,3,-200.00,-0.28%,移动止损 (前前绿柱堆间 K 线低点:1806.00)
CZCE.UR605,2026-01-28 09:10:00.000000,1796.0,2026-01-30 10:05:00.000000,1787.0,1787.00,1,-360.00,-0.50%,初始止损 (前前绿柱堆间 K 线低点:1787.00)
CZCE.UR605,2026-02-11 14:15:00,1798.0,2026-02-13 14:15:00,1836.0,1781.00,5,1520.00,2.11%,移动止损 (前前绿柱堆间 K 线低点:1836.00)
CZCE.UR605,2026-02-27 15:00:00,1847.0,2026-03-02 09:30:00,1836.0,1836.00,1,-440.00,-0.60%,初始止损 (前前绿柱堆间 K 线低点:1836.00)
CZCE.UR605,2026-03-12 09:15:00,1901.0,2026-03-12 14:55:00,1875.0,1843.00,1,-1040.00,-1.37%,回测结束
DCE.a2605,2025-11-27 13:50:00.000000,4160.0,2025-11-28 09:50:00.000000,4160.0,4149.00,3,0.00,0.00%,初始止损 (前前绿柱堆间 K 线低点:4149.00)
DCE.a2605,2025-11-28 22:50:00.000000,4151.0,2025-11-28 22:55:00.000000,4150.0,4150.00,1,-20.00,-0.02%,初始止损 (前前绿柱堆间 K 线低点:4150.00)
DCE.a2605,2025-12-01 14:35:00.000000,4165.0,2025-12-01 21:00:00.000000,4156.0,4156.00,1,-180.00,-0.22%,初始止损 (前前绿柱堆间 K 线低点:4156.00)
DCE.a2605,2025-12-03 11:05:00.000000,4170.0,2025-12-04 09:05:00.000000,4168.0,4166.00,2,-40.00,-0.05%,初始止损 (前前绿柱堆间 K 线低点:4166.00)
DCE.a2605,2025-12-19 21:50:00.000000,4090.0,2025-12-22 14:20:00.000000,4123.0,4083.00,4,660.00,0.81%,初始止损 (前前绿柱堆间 K 线低点:4083.00)
DCE.a2605,2025-12-23 22:00:00.000000,4102.0,2025-12-24 21:40:00.000000,4109.0,4095.00,2,140.00,0.17%,初始止损 (前前绿柱堆间 K 线低点:4095.00)
DCE.a2605,2026-01-06 10:00:00.000000,4264.0,2026-01-08 13:30:00.000000,4357.0,4246.00,6,1860.00,2.18%,初始止损 (前前绿柱堆间 K 线低点:4246.00)
DCE.a2605,2026-01-15 21:00:00.000000,4346.0,2026-01-16 09:05:00.000000,4338.0,4314.00,3,-160.00,-0.18%,初始止损 (前前绿柱堆间 K 线低点:4314.00)
DCE.a2605,2026-01-20 14:30:00.000000,4343.0,2026-01-20 21:00:00.000000,4316.0,4316.00,1,-540.00,-0.62%,初始止损 (前前绿柱堆间 K 线低点:4316.00)
DCE.a2605,2026-02-06 22:35:00.000000,4399.0,2026-02-09 09:40:00.000000,4382.0,4382.00,1,-340.00,-0.39%,初始止损 (前前绿柱堆间 K 线低点:4382.00)
DCE.a2605,2026-03-11 21:10:00,4847.0,2026-03-12 14:10:00,4837.0,4798.00,3,-200.00,-0.21%,初始止损 (前前绿柱堆间 K 线低点:4798.00)
DCE.b2605,2025-12-02 14:05:00.000000,3576.0,2025-12-02 21:00:00.000000,3573.0,3561.00,2,-60.00,-0.08%,初始止损 (前前绿柱堆间 K 线低点:3561.00)
DCE.b2605,2025-12-10 22:00:00.000000,3492.0,2025-12-11 11:10:00.000000,3489.0,3470.00,3,-60.00,-0.09%,初始止损 (前前绿柱堆间 K 线低点:3470.00)
DCE.b2605,2025-12-25 10:05:00.000000,3433.0,2025-12-26 22:55:00.000000,3491.0,3417.00,3,1160.00,1.69%,初始止损 (前前绿柱堆间 K 线低点:3417.00)
DCE.b2605,2026-01-12 14:20:00.000000,3527.0,2026-01-13 09:00:00.000000,3525.0,3512.00,3,-40.00,-0.06%,初始止损 (前前绿柱堆间 K 线低点:3512.00)
DCE.b2605,2026-01-13 10:05:00.000000,3512.0,2026-01-13 10:10:00.000000,3528.0,3528.00,1,320.00,0.46%,初始止损 (前前绿柱堆间 K 线低点:3528.00)
DCE.b2605,2026-01-21 21:05:00.000000,3469.0,2026-01-23 09:00:00.000000,3496.0,3436.00,5,540.00,0.78%,初始止损 (前前绿柱堆间 K 线低点:3436.00)
DCE.b2605,2026-01-26 11:15:00.000000,3538.0,2026-01-26 14:00:00.000000,3529.0,3529.00,1,-180.00,-0.25%,初始止损 (前前绿柱堆间 K 线低点:3529.00)
DCE.b2605,2026-01-28 09:35:00.000000,3561.0,2026-01-28 14:35:00.000000,3565.0,3532.00,4,80.00,0.11%,移动止损 (前前绿柱堆间 K 线低点:3565.00)
DCE.b2605,2026-02-11 10:05:00.000000,3500.0,2026-02-11 13:50:00.000000,3507.0,3474.00,3,140.00,0.20%,移动止损 (前前绿柱堆间 K 线低点:3507.00)
DCE.b2605,2026-03-05 11:25:00,3626.0,2026-03-10 09:05:00,3745.0,3614.00,6,2380.00,3.28%,初始止损 (前前绿柱堆间 K 线低点:3614.00)
DCE.b2605,2026-03-11 14:30:00,3837.0,2026-03-12 13:35:00,3851.0,3696.00,4,280.00,0.36%,初始止损 (前前绿柱堆间 K 线低点:3696.00)
DCE.bb2607,2026-02-02 10:00:00,146.35,2026-02-02 10:05:00,146.05,146.05,1,-150.00,-0.20%,初始止损 (前前绿柱堆间 K 线低点:146.05)
DCE.c2605,2025-11-21 10:35:00.000000,2248.0,2025-11-24 09:10:00.000000,2252.0,2233.00,5,160.00,0.18%,移动止损 (前前绿柱堆间 K 线低点:2252.00)
DCE.c2605,2025-11-27 14:50:00.000000,2283.0,2025-11-27 21:10:00.000000,2270.0,2270.00,1,-520.00,-0.57%,初始止损 (前前绿柱堆间 K 线低点:2270.00)
DCE.c2605,2025-12-10 14:15:00.000000,2264.0,2025-12-11 09:00:00.000000,2262.0,2254.00,3,-80.00,-0.09%,移动止损 (前前绿柱堆间 K 线低点:2262.00)
DCE.c2605,2025-12-19 21:00:00.000000,2230.0,2025-12-22 14:20:00.000000,2228.0,2223.00,3,-80.00,-0.09%,移动止损 (前前绿柱堆间 K 线低点:2228.00)
DCE.c2605,2026-01-09 09:10:00.000000,2271.0,2026-01-09 09:40:00.000000,2267.0,2264.00,3,-160.00,-0.18%,移动止损 (前前绿柱堆间 K 线低点:2267.00)
DCE.c2605,2026-01-12 11:20:00.000000,2280.0,2026-01-13 09:00:00.000000,2278.0,2266.00,2,-80.00,-0.09%,初始止损 (前前绿柱堆间 K 线低点:2266.00)
DCE.c2605,2026-01-15 21:00:00.000000,2288.0,2026-01-16 09:05:00.000000,2283.0,2277.00,3,-200.00,-0.22%,移动止损 (前前绿柱堆间 K 线低点:2283.00)
DCE.c2605,2026-01-29 14:20:00.000000,2286.0,2026-01-30 11:05:00.000000,2283.0,2272.00,4,-120.00,-0.13%,移动止损 (前前绿柱堆间 K 线低点:2283.00)
DCE.c2605,2026-02-04 10:05:00.000000,2271.0,2026-02-04 11:05:00.000000,2268.0,2264.00,3,-120.00,-0.13%,移动止损 (前前绿柱堆间 K 线低点:2268.00)
DCE.c2605,2026-02-10 10:35:00.000000,2281.0,2026-02-10 21:00:00.000000,2285.0,2275.00,4,160.00,0.18%,移动止损 (前前绿柱堆间 K 线低点:2285.00)
DCE.c2605,2026-02-27 22:00:00,2377.0,2026-03-02 22:25:00,2382.0,2347.00,3,200.00,0.21%,移动止损 (前前绿柱堆间 K 线低点:2382.00)
DCE.c2605,2026-03-09 10:00:00,2432.0,2026-03-09 21:05:00,2391.0,2391.00,1,-1640.00,-1.69%,初始止损 (前前绿柱堆间 K 线低点:2391.00)
DCE.cs2605,2025-11-20 11:20:00.000000,2560.0,2025-11-20 14:35:00.000000,2552.0,2552.00,1,-240.00,-0.31%,初始止损 (前前绿柱堆间 K 线低点:2552.00)
DCE.cs2605,2025-11-21 10:00:00.000000,2567.0,2025-11-21 21:00:00.000000,2577.0,2553.00,3,300.00,0.39%,初始止损 (前前绿柱堆间 K 线低点:2553.00)
DCE.cs2605,2025-11-27 14:30:00.000000,2642.0,2025-11-27 22:40:00.000000,2630.0,2623.00,3,-360.00,-0.45%,移动止损 (前前绿柱堆间 K 线低点:2630.00)
DCE.cs2605,2025-12-19 21:00:00.000000,2542.0,2025-12-22 11:05:00.000000,2536.0,2531.00,3,-180.00,-0.24%,移动止损 (前前绿柱堆间 K 线低点:2536.00)
DCE.cs2605,2025-12-25 21:05:00.000000,2530.0,2025-12-26 09:40:00.000000,2534.0,2527.00,3,120.00,0.16%,移动止损 (前前绿柱堆间 K 线低点:2534.00)
DCE.cs2605,2025-12-26 10:05:00.000000,2542.0,2025-12-26 21:00:00.000000,2548.0,2534.00,2,180.00,0.24%,初始止损 (前前绿柱堆间 K 线低点:2534.00)
DCE.cs2605,2026-01-06 22:00:00.000000,2554.0,2026-01-08 14:15:00.000000,2570.0,2538.00,5,480.00,0.63%,移动止损 (前前绿柱堆间 K 线低点:2570.00)
DCE.cs2605,2026-01-09 09:05:00.000000,2582.0,2026-01-09 09:10:00.000000,2581.0,2581.00,1,-30.00,-0.04%,初始止损 (前前绿柱堆间 K 线低点:2581.00)
DCE.cs2605,2026-01-22 21:25:00.000000,2607.0,2026-01-23 09:00:00.000000,2600.0,2600.00,1,-210.00,-0.27%,初始止损 (前前绿柱堆间 K 线低点:2600.00)
DCE.cs2605,2026-02-13 11:10:00,2639.0,2026-02-13 11:15:00,2642.0,2642.00,1,90.00,0.11%,初始止损 (前前绿柱堆间 K 线低点:2642.00)
DCE.cs2605,2026-02-24 10:05:00,2679.0,2026-02-25 22:40:00,2667.0,2633.00,4,-360.00,-0.45%,初始止损 (前前绿柱堆间 K 线低点:2633.00)
DCE.cs2605,2026-03-04 21:25:00,2695.0,2026-03-04 21:40:00,2692.0,2686.00,3,-90.00,-0.11%,移动止损 (前前绿柱堆间 K 线低点:2692.00)
DCE.cs2605,2026-03-09 10:00:00,2753.0,2026-03-09 14:10:00,2709.0,2709.00,1,-1320.00,-1.60%,初始止损 (前前绿柱堆间 K 线低点:2709.00)
DCE.eb2604,2025-11-26 14:50:00.000000,6671.0,2025-11-26 21:00:00.000000,6652.0,6652.00,1,-190.00,-0.28%,初始止损 (前前绿柱堆间 K 线低点:6652.00)
DCE.eb2604,2025-11-28 11:20:00.000000,6691.0,2025-12-01 09:00:00.000000,6675.0,6621.00,2,-160.00,-0.24%,初始止损 (前前绿柱堆间 K 线低点:6621.00)
DCE.eb2604,2025-12-02 21:00:00.000000,6677.0,2025-12-03 09:45:00.000000,6693.0,6612.00,2,160.00,0.24%,初始止损 (前前绿柱堆间 K 线低点:6612.00)
DCE.eb2604,2025-12-15 09:50:00.000000,6616.0,2025-12-15 13:50:00.000000,6611.0,6553.00,2,-75.00,-0.08%,初始止损 (前前绿柱堆间 K 线低点:6553.00)
DCE.eb2604,2025-12-24 09:00:00.000000,6616.0,2025-12-25 10:55:00.000000,6690.0,6584.00,2,1110.00,1.12%,初始止损 (前前绿柱堆间 K 线低点:6584.00)
DCE.eb2604,2025-12-26 14:20:00.000000,6829.0,2025-12-29 10:10:00.000000,6849.0,6723.00,3,200.00,0.29%,移动止损 (前前绿柱堆间 K 线低点:6849.00)
DCE.eb2604,2025-12-30 10:40:00.000000,6897.0,2025-12-31 09:05:00.000000,6896.0,6829.00,2,-10.00,-0.01%,初始止损 (前前绿柱堆间 K 线低点:6829.00)
DCE.eb2604,2026-01-09 14:50:00.000000,7004.0,2026-01-09 21:00:00.000000,6983.0,6983.00,1,-210.00,-0.30%,初始止损 (前前绿柱堆间 K 线低点:6983.00)
DCE.eb2604,2026-01-14 09:25:00.000000,7182.0,2026-01-15 11:05:00.000000,7229.0,7112.00,4,470.00,0.65%,移动止损 (前前绿柱堆间 K 线低点:7229.00)
DCE.eb2604,2026-01-19 22:30:00.000000,7309.0,2026-01-19 22:35:00.000000,7306.0,7306.00,1,-30.00,-0.04%,初始止损 (前前绿柱堆间 K 线低点:7306.00)
DCE.eb2604,2026-01-21 10:55:00.000000,7400.0,2026-01-21 14:25:00.000000,7337.0,7337.00,1,-630.00,-0.85%,初始止损 (前前绿柱堆间 K 线低点:7337.00)
DCE.eb2604,2026-02-25 22:15:00,7579.0,2026-02-26 21:05:00,7559.0,7545.00,2,-200.00,-0.26%,初始止损 (前前绿柱堆间 K 线低点:7545.00)
DCE.eb2604,2026-03-02 11:15:00,7712.0,2026-03-04 09:25:00,8069.0,7511.00,4,3570.00,4.63%,初始止损 (前前绿柱堆间 K 线低点:7511.00)
DCE.eb2604,2026-03-04 21:55:00,8221.0,2026-03-10 09:05:00,9540.0,8004.00,6,13190.00,16.04%,初始止损 (前前绿柱堆间 K 线低点:8004.00)
DCE.eb2604,2026-03-12 09:40:00,10548.0,2026-03-12 14:50:00,9872.0,9872.00,1,-3380.00,-6.41%,初始止损 (前前绿柱堆间 K 线低点:9872.00)
DCE.eg2605,2025-11-24 13:30:00.000000,3957.0,2025-11-25 14:25:00.000000,3972.0,3929.00,4,300.00,0.38%,移动止损 (前前绿柱堆间 K 线低点:3972.00)
DCE.eg2605,2025-11-26 11:25:00.000000,3966.0,2025-11-26 13:30:00.000000,3963.0,3963.00,1,-60.00,-0.08%,初始止损 (前前绿柱堆间 K 线低点:3963.00)
DCE.eg2605,2025-11-28 11:20:00.000000,3980.0,2025-11-28 22:50:00.000000,3976.0,3939.00,4,-80.00,-0.10%,移动止损 (前前绿柱堆间 K 线低点:3976.00)
DCE.eg2605,2025-12-10 09:05:00.000000,3795.0,2025-12-10 13:35:00.000000,3787.0,3735.00,3,-160.00,-0.21%,移动止损 (前前绿柱堆间 K 线低点:3787.00)
DCE.eg2605,2025-12-18 22:25:00.000000,3774.0,2025-12-19 09:25:00.000000,3763.0,3763.00,1,-220.00,-0.29%,初始止损 (前前绿柱堆间 K 线低点:3763.00)
DCE.eg2605,2025-12-26 14:15:00.000000,3846.0,2025-12-29 21:00:00.000000,3825.0,3794.00,3,-420.00,-0.55%,移动止损 (前前绿柱堆间 K 线低点:3825.00)
DCE.eg2605,2026-01-12 10:10:00.000000,3902.0,2026-01-12 14:10:00.000000,3875.0,3844.00,2,-540.00,-0.69%,初始止损 (前前绿柱堆间 K 线低点:3844.00)
DCE.eg2605,2026-02-03 22:50:00.000000,3770.0,2026-02-04 21:00:00.000000,3760.0,3735.00,2,-200.00,-0.27%,初始止损 (前前绿柱堆间 K 线低点:3735.00)
DCE.eg2605,2026-02-06 10:10:00.000000,3744.0,2026-02-06 21:00:00.000000,3719.0,3719.00,1,-500.00,-0.67%,初始止损 (前前绿柱堆间 K 线低点:3719.00)
DCE.eg2605,2026-03-04 22:35:00,4049.0,2026-03-06 09:05:00,4183.0,3981.00,3,2680.00,3.31%,初始止损 (前前绿柱堆间 K 线低点:3981.00)
DCE.eg2605,2026-03-06 14:20:00,4340.0,2026-03-09 22:10:00,4546.0,4196.00,5,4120.00,4.75%,移动止损 (前前绿柱堆间 K 线低点:4546.00)
DCE.eg2605,2026-03-11 21:10:00,4775.0,2026-03-12 14:00:00,4730.0,4271.00,3,-900.00,-0.94%,初始止损 (前前绿柱堆间 K 线低点:4271.00)
DCE.fb2605,2026-02-24 09:15:00,1282.5,2026-02-24 13:50:00,1280.0,1278.50,3,-175.00,-0.19%,移动止损 (前前绿柱堆间 K 线低点:1280.00)
DCE.fb2605,2026-03-02 11:15:00,1282.0,2026-03-02 11:30:00,1281.0,1281.00,1,-70.00,-0.08%,初始止损 (前前绿柱堆间 K 线低点:1281.00)
DCE.i2605,2025-11-21 10:55:00.000000,755.0,2025-11-21 21:00:00.000000,752.0,752.00,1,-300.00,-0.40%,初始止损 (前前绿柱堆间 K 线低点:752.00)
DCE.i2605,2025-12-01 14:25:00.000000,776.0,2025-12-02 11:20:00.000000,776.0,766.00,3,0.00,0.00%,初始止损 (前前绿柱堆间 K 线低点:766.00)
DCE.i2605,2025-12-22 14:45:00.000000,781.0,2025-12-22 21:00:00.000000,779.5,779.50,1,-150.00,-0.19%,初始止损 (前前绿柱堆间 K 线低点:779.50)
DCE.i2605,2025-12-26 21:00:00.000000,788.0,2025-12-30 14:05:00.000000,795.0,773.00,6,700.00,0.89%,移动止损 (前前绿柱堆间 K 线低点:795.00)
DCE.i2605,2026-01-05 11:25:00.000000,798.5,2026-01-05 21:00:00.000000,794.0,794.00,1,-450.00,-0.56%,初始止损 (前前绿柱堆间 K 线低点:794.00)
DCE.i2605,2026-01-21 22:00:00.000000,786.5,2026-01-22 09:40:00.000000,784.5,782.50,2,-200.00,-0.25%,初始止损 (前前绿柱堆间 K 线低点:782.50)
DCE.i2605,2026-01-26 22:05:00.000000,787.0,2026-01-26 22:10:00.000000,787.0,787.00,1,0.00,0.00%,初始止损 (前前绿柱堆间 K 线低点:787.00)
DCE.i2605,2026-01-29 11:10:00.000000,794.5,2026-01-29 22:40:00.000000,797.0,785.00,4,250.00,0.31%,移动止损 (前前绿柱堆间 K 线低点:797.00)
DCE.i2605,2026-01-30 21:40:00.000000,793.0,2026-02-02 09:00:00.000000,788.0,788.00,1,-500.00,-0.63%,初始止损 (前前绿柱堆间 K 线低点:788.00)
DCE.i2605,2026-02-27 09:05:00,749.5,2026-02-27 10:05:00,748.0,744.50,3,-150.00,-0.20%,移动止损 (前前绿柱堆间 K 线低点:748.00)
DCE.i2605,2026-03-02 14:15:00,752.0,2026-03-03 13:35:00,748.0,745.50,2,-400.00,-0.53%,初始止损 (前前绿柱堆间 K 线低点:745.50)
DCE.i2605,2026-03-03 22:00:00,750.0,2026-03-03 22:10:00,747.5,747.50,1,-250.00,-0.33%,初始止损 (前前绿柱堆间 K 线低点:747.50)
DCE.i2605,2026-03-04 21:30:00,757.5,2026-03-05 14:50:00,766.0,748.50,4,850.00,1.12%,移动止损 (前前绿柱堆间 K 线低点:766.00)
DCE.i2605,2026-03-06 09:05:00,762.0,2026-03-06 22:30:00,774.5,756.00,4,1250.00,1.64%,初始止损 (前前绿柱堆间 K 线低点:756.00)
DCE.i2605,2026-03-11 23:00:00,791.5,2026-03-12 15:00:00,795.5,787.50,2,400.00,0.51%,回测结束
DCE.jd2605,2025-10-20 13:45:00.000000,3348.0,2025-10-21 11:20:00.000000,3343.0,3295.00,3,-100.00,-0.15%,移动止损 (前前绿柱堆间 K 线低点:3343.00)
DCE.jd2605,2025-10-29 09:05:00.000000,3463.0,2025-10-30 09:00:00.000000,3475.0,3436.00,4,240.00,0.35%,移动止损 (前前绿柱堆间 K 线低点:3475.00)
DCE.jd2605,2025-11-03 14:05:00.000000,3504.0,2025-11-04 10:45:00.000000,3499.0,3452.00,2,-100.00,-0.14%,初始止损 (前前绿柱堆间 K 线低点:3452.00)
DCE.jd2605,2025-11-20 10:00:00.000000,3499.0,2025-11-21 10:35:00.000000,3495.0,3457.00,3,-80.00,-0.11%,初始止损 (前前绿柱堆间 K 线低点:3457.00)
DCE.jd2605,2025-12-08 14:05:00.000000,3624.0,2025-12-09 11:00:00.000000,3618.0,3584.00,3,-120.00,-0.17%,移动止损 (前前绿柱堆间 K 线低点:3618.00)
DCE.jd2605,2025-12-15 09:15:00.000000,3553.0,2025-12-15 13:35:00.000000,3556.0,3524.00,3,60.00,0.08%,初始止损 (前前绿柱堆间 K 线低点:3524.00)
DCE.jd2605,2025-12-26 14:00:00.000000,3570.0,2025-12-29 10:50:00.000000,3576.0,3540.00,4,120.00,0.17%,移动止损 (前前绿柱堆间 K 线低点:3576.00)
DCE.jd2605,2026-01-08 09:10:00.000000,3557.0,2026-01-09 09:10:00.000000,3536.0,3536.00,1,-420.00,-0.59%,初始止损 (前前绿柱堆间 K 线低点:3536.00)
DCE.jd2605,2026-01-15 13:30:00.000000,3601.0,2026-01-15 13:35:00.000000,3590.0,3590.00,1,-220.00,-0.31%,初始止损 (前前绿柱堆间 K 线低点:3590.00)
DCE.jd2605,2026-02-06 11:30:00,3439.0,2026-02-09 14:30:00,3411.0,3383.00,4,-560.00,-0.81%,移动止损 (前前绿柱堆间 K 线低点:3411.00)
DCE.jd2605,2026-02-12 10:00:00,3428.0,2026-02-24 10:15:00,3473.0,3357.00,6,900.00,1.31%,移动止损 (前前绿柱堆间 K 线低点:3473.00)
DCE.jd2605,2026-02-27 14:35:00,3434.0,2026-03-02 09:05:00,3426.0,3426.00,1,-160.00,-0.23%,初始止损 (前前绿柱堆间 K 线低点:3426.00)
DCE.jd2605,2026-03-11 14:50:00,3443.0,2026-03-11 14:55:00,3441.0,3441.00,1,-40.00,-0.06%,初始止损 (前前绿柱堆间 K 线低点:3441.00)
DCE.jm2605,2025-11-24 13:35:00.000000,1194.0,2025-11-24 21:50:00.000000,1189.5,1165.50,3,-270.00,-0.38%,移动止损 (前前绿柱堆间 K 线低点:1189.50)
DCE.jm2605,2025-12-04 14:15:00.000000,1184.5,2025-12-05 10:35:00.000000,1162.0,1162.00,1,-1350.00,-1.90%,初始止损 (前前绿柱堆间 K 线低点:1162.00)
DCE.jm2605,2025-12-19 21:10:00.000000,1115.0,2025-12-19 21:15:00.000000,1113.0,1113.00,1,-120.00,-0.18%,初始止损 (前前绿柱堆间 K 线低点:1113.00)
DCE.jm2605,2026-01-06 22:25:00.000000,1143.0,2026-01-08 14:25:00.000000,1182.0,1096.00,4,2340.00,3.41%,移动止损 (前前绿柱堆间 K 线低点:1182.00)
DCE.jm2605,2026-01-09 09:00:00.000000,1188.0,2026-01-09 09:05:00.000000,1181.5,1181.50,1,-390.00,-0.55%,初始止损 (前前绿柱堆间 K 线低点:1181.50)
DCE.jm2605,2026-01-12 09:00:00.000000,1231.5,2026-01-12 09:35:00.000000,1215.0,1215.00,1,-990.00,-1.34%,初始止损 (前前绿柱堆间 K 线低点:1215.00)
DCE.jm2605,2026-01-28 14:30:00.000000,1127.5,2026-01-30 10:30:00.000000,1134.5,1117.00,5,420.00,0.62%,初始止损 (前前绿柱堆间 K 线低点:1117.00)
DCE.jm2605,2026-01-30 22:05:00.000000,1191.0,2026-02-02 13:30:00.000000,1154.5,1154.50,1,-2190.00,-3.06%,初始止损 (前前绿柱堆间 K 线低点:1154.50)
DCE.jm2605,2026-02-04 09:30:00.000000,1178.0,2026-02-05 09:10:00.000000,1176.0,1148.50,2,-120.00,-0.17%,初始止损 (前前绿柱堆间 K 线低点:1148.50)
DCE.jm2605,2026-02-25 10:10:00,1115.0,2026-02-25 21:30:00,1112.0,1112.00,1,-180.00,-0.27%,初始止损 (前前绿柱堆间 K 线低点:1112.00)
DCE.jm2605,2026-03-02 14:15:00,1093.0,2026-03-02 22:15:00,1080.5,1080.50,1,-750.00,-1.14%,初始止损 (前前绿柱堆间 K 线低点:1080.50)
DCE.jm2605,2026-03-04 22:00:00,1103.5,2026-03-05 09:35:00,1094.5,1089.00,2,-540.00,-0.82%,初始止损 (前前绿柱堆间 K 线低点:1089.00)
DCE.jm2605,2026-03-11 21:10:00,1152.5,2026-03-12 14:55:00,1152.0,1145.50,2,-30.00,-0.04%,回测结束
DCE.l2605,2025-11-28 10:00:00.000000,6810.0,2025-12-01 11:15:00.000000,6878.0,6777.00,6,680.00,1.00%,移动止损 (前前绿柱堆间 K 线低点:6878.00)
DCE.l2605,2025-12-18 11:10:00.000000,6510.0,2025-12-18 13:35:00.000000,6495.0,6495.00,1,-225.00,-0.23%,初始止损 (前前绿柱堆间 K 线低点:6495.00)
DCE.l2605,2025-12-23 22:00:00.000000,6307.0,2025-12-25 10:05:00.000000,6424.0,6246.00,5,1755.00,1.86%,初始止损 (前前绿柱堆间 K 线低点:6246.00)
DCE.l2605,2025-12-26 13:35:00.000000,6377.0,2025-12-29 14:50:00.000000,6446.0,6348.00,2,1035.00,1.08%,初始止损 (前前绿柱堆间 K 线低点:6348.00)
DCE.l2605,2025-12-30 14:05:00.000000,6480.0,2025-12-30 21:00:00.000000,6455.0,6455.00,1,-375.00,-0.39%,初始止损 (前前绿柱堆间 K 线低点:6455.00)
DCE.l2605,2025-12-30 21:15:00.000000,6470.0,2025-12-30 21:40:00.000000,6462.0,6459.00,2,-120.00,-0.12%,初始止损 (前前绿柱堆间 K 线低点:6459.00)
DCE.l2605,2026-02-26 09:50:00,6751.0,2026-02-26 09:55:00,6744.0,6744.00,1,-70.00,-0.10%,初始止损 (前前绿柱堆间 K 线低点:6744.00)
DCE.l2605,2026-03-04 22:15:00,7272.0,2026-03-04 22:30:00,7247.0,7193.00,3,-250.00,-0.34%,移动止损 (前前绿柱堆间 K 线低点:7247.00)
DCE.l2605,2026-03-05 11:20:00,7499.0,2026-03-05 22:15:00,7483.0,7247.00,3,-160.00,-0.21%,移动止损 (前前绿柱堆间 K 线低点:7483.00)
DCE.l2605,2026-03-06 21:10:00,7890.0,2026-03-10 09:05:00,8147.0,7380.00,3,2570.00,3.26%,初始止损 (前前绿柱堆间 K 线低点:7380.00)
DCE.l2604F,2025-11-27 21:15:00.000000,6767.0,2025-12-01 11:20:00.000000,6863.0,6749.00,8,960.00,1.42%,移动止损 (前前绿柱堆间 K 线低点:6863.00)
DCE.l2604F,2025-12-02 22:15:00.000000,6876.0,2025-12-03 09:00:00.000000,6873.0,6867.00,3,-30.00,-0.04%,移动止损 (前前绿柱堆间 K 线低点:6873.00)
DCE.l2604F,2025-12-12 21:10:00.000000,6525.0,2025-12-15 22:55:00.000000,6531.0,6481.00,2,90.00,0.09%,初始止损 (前前绿柱堆间 K 线低点:6481.00)
DCE.l2604F,2025-12-22 22:00:00.000000,6329.0,2025-12-23 11:15:00.000000,6240.0,6240.00,1,-1335.00,-1.41%,初始止损 (前前绿柱堆间 K 线低点:6240.00)
DCE.l2604F,2026-01-12 11:00:00.000000,6664.0,2026-01-15 09:25:00.000000,6794.0,6621.00,5,1950.00,1.95%,初始止损 (前前绿柱堆间 K 线低点:6621.00)
DCE.l2604F,2026-01-29 21:20:00.000000,7046.0,2026-01-30 09:00:00.000000,7023.0,6954.00,2,-230.00,-0.33%,初始止损 (前前绿柱堆间 K 线低点:6954.00)
DCE.l2604F,2026-02-24 10:00:00.000000,6728.0,2026-02-25 11:20:00.000000,6797.0,6622.00,3,690.00,1.03%,移动止损 (前前绿柱堆间 K 线低点:6797.00)
DCE.l2604F,2026-03-02 09:05:00.000000,6793.0,2026-03-04 11:00:00.000000,7253.0,6621.00,5,4600.00,6.77%,移动止损 (前前绿柱堆间 K 线低点:7253.00)
DCE.l2604F,2026-03-04 22:10:00.000000,7217.0,2026-03-05 22:15:00.000000,7407.0,7172.00,5,1900.00,2.63%,移动止损 (前前绿柱堆间 K 线低点:7407.00)
DCE.l2604F,2026-03-06 13:35:00.000000,7528.0,2026-03-09 14:55:00.000000,7750.0,7407.00,3,2220.00,2.95%,移动止损 (前前绿柱堆间 K 线低点:7750.00)
DCE.l2604F,2026-03-09 22:20:00.000000,8165.0,2026-03-10 09:00:00.000000,7611.0,7611.00,1,-5540.00,-6.79%,初始止损 (前前绿柱堆间 K 线低点:7611.00)
DCE.lg2605,2025-10-16 11:10:00.000000,831.5,2025-10-16 11:15:00.000000,831.5,831.50,1,0.00,0.00%,初始止损 (前前绿柱堆间 K 线低点:831.50)
DCE.lg2605,2025-11-06 09:10:00.000000,807.5,2025-11-07 09:00:00.000000,805.0,805.00,1,-225.00,-0.31%,初始止损 (前前绿柱堆间 K 线低点:805.00)
DCE.lg2605,2025-11-14 14:40:00.000000,810.5,2025-11-17 09:00:00.000000,808.0,808.00,1,-225.00,-0.31%,初始止损 (前前绿柱堆间 K 线低点:808.00)
DCE.lg2605,2025-12-04 14:20:00.000000,790.0,2025-12-04 14:55:00.000000,788.5,788.50,1,-135.00,-0.19%,初始止损 (前前绿柱堆间 K 线低点:788.50)
DCE.lg2605,2025-12-05 10:10:00.000000,789.5,2025-12-05 10:30:00.000000,789.5,789.50,1,0.00,0.00%,初始止损 (前前绿柱堆间 K 线低点:789.50)
DCE.lg2605,2025-12-17 13:30:00.000000,780.0,2025-12-18 09:00:00.000000,776.5,776.50,1,-315.00,-0.45%,初始止损 (前前绿柱堆间 K 线低点:776.50)
DCE.lg2605,2025-12-29 09:00:00.000000,788.0,2025-12-29 09:30:00.000000,783.5,783.50,1,-405.00,-0.57%,初始止损 (前前绿柱堆间 K 线低点:783.50)
DCE.lg2605,2026-01-14 14:50:00.000000,790.0,2026-01-14 14:55:00.000000,789.5,789.50,1,-45.00,-0.06%,初始止损 (前前绿柱堆间 K 线低点:789.50)
DCE.lg2605,2026-01-28 09:00:00.000000,787.0,2026-01-29 13:35:00.000000,786.0,781.00,3,-90.00,-0.13%,移动止损 (前前绿柱堆间 K 线低点:786.00)
DCE.lg2605,2026-02-27 11:05:00,795.5,2026-02-27 11:15:00,794.5,794.50,1,-90.00,-0.13%,初始止损 (前前绿柱堆间 K 线低点:794.50)
DCE.lg2605,2026-03-02 09:10:00,800.5,2026-03-03 11:20:00,798.0,793.00,2,-225.00,-0.31%,初始止损 (前前绿柱堆间 K 线低点:793.00)
DCE.lg2605,2026-03-05 09:50:00,804.0,2026-03-05 14:00:00,802.0,802.00,1,-180.00,-0.25%,初始止损 (前前绿柱堆间 K 线低点:802.00)
DCE.lg2605,2026-03-09 10:05:00,818.0,2026-03-10 09:05:00,798.0,798.00,1,-1800.00,-2.44%,初始止损 (前前绿柱堆间 K 线低点:798.00)
DCE.m2605,2025-11-28 13:35:00.000000,2850.0,2025-11-28 21:30:00.000000,2852.0,2837.00,4,60.00,0.07%,移动止损 (前前绿柱堆间 K 线低点:2852.00)
DCE.m2605,2025-12-02 14:30:00.000000,2847.0,2025-12-02 14:55:00.000000,2845.0,2844.00,3,-60.00,-0.07%,移动止损 (前前绿柱堆间 K 线低点:2845.00)
DCE.m2605,2025-12-02 21:15:00.000000,2850.0,2025-12-02 21:40:00.000000,2845.0,2845.00,1,-150.00,-0.18%,初始止损 (前前绿柱堆间 K 线低点:2845.00)
DCE.m2605,2025-12-16 10:30:00.000000,2769.0,2025-12-17 10:00:00.000000,2757.0,2757.00,1,-360.00,-0.43%,初始止损 (前前绿柱堆间 K 线低点:2757.00)
DCE.m2605,2025-12-25 14:35:00.000000,2750.0,2025-12-26 22:30:00.000000,2788.0,2722.00,4,1140.00,1.38%,初始止损 (前前绿柱堆间 K 线低点:2722.00)
DCE.m2605,2026-01-05 22:05:00.000000,2763.0,2026-01-08 10:10:00.000000,2811.0,2735.00,7,1440.00,1.74%,初始止损 (前前绿柱堆间 K 线低点:2735.00)
DCE.m2605,2026-01-21 21:00:00.000000,2733.0,2026-01-23 09:45:00.000000,2763.0,2719.00,6,900.00,1.10%,移动止损 (前前绿柱堆间 K 线低点:2763.00)
DCE.m2605,2026-01-26 09:05:00.000000,2769.0,2026-01-26 10:40:00.000000,2769.0,2754.00,4,0.00,0.00%,移动止损 (前前绿柱堆间 K 线低点:2769.00)
DCE.m2605,2026-01-27 11:15:00.000000,2770.0,2026-01-29 21:30:00.000000,2796.0,2762.00,5,780.00,0.94%,初始止损 (前前绿柱堆间 K 线低点:2762.00)
DCE.m2605,2026-03-05 11:25:00,2847.0,2026-03-09 22:05:00,3022.0,2833.00,8,5250.00,6.15%,移动止损 (前前绿柱堆间 K 线低点:3022.00)
DCE.m2605,2026-03-10 22:00:00,3049.0,2026-03-11 21:55:00,3075.0,2974.00,3,780.00,0.85%,初始止损 (前前绿柱堆间 K 线低点:2974.00)
DCE.p2605,2025-12-05 14:20:00.000000,8760.0,2025-12-08 09:10:00.000000,8728.0,8728.00,1,-320.00,-0.37%,初始止损 (前前绿柱堆间 K 线低点:8728.00)
DCE.p2605,2025-12-11 10:40:00.000000,8700.0,2025-12-11 14:15:00.000000,8666.0,8666.00,1,-340.00,-0.39%,初始止损 (前前绿柱堆间 K 线低点:8666.00)
DCE.p2605,2025-12-22 14:30:00.000000,8418.0,2025-12-23 10:10:00.000000,8422.0,8264.00,4,40.00,0.05%,移动止损 (前前绿柱堆间 K 线低点:8422.00)
DCE.p2605,2025-12-26 21:05:00.000000,8614.0,2025-12-26 21:30:00.000000,8588.0,8530.00,3,-260.00,-0.30%,移动止损 (前前绿柱堆间 K 线低点:8588.00)
DCE.p2605,2025-12-30 11:15:00.000000,8626.0,2025-12-31 10:00:00.000000,8608.0,8536.00,3,-180.00,-0.21%,初始止损 (前前绿柱堆间 K 线低点:8536.00)
DCE.p2605,2026-01-19 21:05:00.000000,8684.0,2026-01-21 14:15:00.000000,8802.0,8622.00,5,1180.00,1.36%,初始止损 (前前绿柱堆间 K 线低点:8622.00)
DCE.p2605,2026-02-03 14:35:00.000000,9100.0,2026-02-03 14:40:00.000000,9100.0,9100.00,1,0.00,0.00%,初始止损 (前前绿柱堆间 K 线低点:9100.00)
DCE.p2605,2026-02-05 09:05:00.000000,9192.0,2026-02-05 10:55:00.000000,9080.0,9080.00,1,-1120.00,-1.22%,初始止损 (前前绿柱堆间 K 线低点:9080.00)
DCE.p2605,2026-02-24 10:00:00,8896.0,2026-02-24 22:25:00,8780.0,8716.00,3,-1160.00,-1.30%,移动止损 (前前绿柱堆间 K 线低点:8780.00)
DCE.p2605,2026-03-02 09:10:00,8856.0,2026-03-02 11:15:00,8822.0,8728.00,3,-340.00,-0.38%,移动止损 (前前绿柱堆间 K 线低点:8822.00)
DCE.p2605,2026-03-05 22:50:00,9142.0,2026-03-06 09:15:00,9100.0,9100.00,1,-420.00,-0.46%,初始止损 (前前绿柱堆间 K 线低点:9100.00)
DCE.p2605,2026-03-12 09:10:00,9720.0,2026-03-12 14:55:00,9688.0,9592.00,1,-320.00,-0.33%,回测结束
DCE.pg2604,2025-11-25 09:05:00.000000,4245.0,2025-11-25 09:10:00.000000,4230.0,4230.00,1,-300.00,-0.35%,初始止损 (前前绿柱堆间 K 线低点:4230.00)
DCE.pg2604,2025-11-28 09:05:00.000000,4302.0,2025-11-28 09:35:00.000000,4275.0,4275.00,1,-540.00,-0.63%,初始止损 (前前绿柱堆间 K 线低点:4275.00)
DCE.pg2604,2025-12-11 11:00:00.000000,4268.0,2025-12-11 14:25:00.000000,4233.0,4233.00,1,-700.00,-0.82%,初始止损 (前前绿柱堆间 K 线低点:4233.00)
DCE.pg2604,2025-12-22 13:40:00.000000,4151.0,2025-12-23 09:00:00.000000,4145.0,4097.00,3,-120.00,-0.14%,初始止损 (前前绿柱堆间 K 线低点:4097.00)
DCE.pg2604,2025-12-24 11:10:00.000000,4147.0,2025-12-25 14:20:00.000000,4174.0,4132.00,6,540.00,0.65%,移动止损 (前前绿柱堆间 K 线低点:4174.00)
DCE.pg2604,2025-12-30 14:25:00.000000,4164.0,2025-12-30 14:30:00.000000,4159.0,4159.00,1,-100.00,-0.12%,初始止损 (前前绿柱堆间 K 线低点:4159.00)
DCE.pg2604,2026-01-09 22:20:00.000000,4347.0,2026-01-12 21:05:00.000000,4339.0,4307.00,2,-160.00,-0.18%,初始止损 (前前绿柱堆间 K 线低点:4307.00)
DCE.pg2604,2026-01-28 13:30:00.000000,4590.0,2026-01-28 22:15:00.000000,4579.0,4538.00,2,-220.00,-0.24%,初始止损 (前前绿柱堆间 K 线低点:4538.00)
DCE.pg2604,2026-02-06 09:00:00.000000,4478.0,2026-02-09 14:00:00.000000,4510.0,4452.00,4,640.00,0.71%,移动止损 (前前绿柱堆间 K 线低点:4510.00)
DCE.pg2604,2026-02-12 10:15:00,4583.0,2026-02-12 13:50:00,4560.0,4560.00,1,-460.00,-0.50%,初始止损 (前前绿柱堆间 K 线低点:4560.00)
DCE.pp2605,2025-11-20 13:55:00.000000,6536.0,2025-11-20 14:05:00.000000,6532.0,6532.00,1,-60.00,-0.06%,初始止损 (前前绿柱堆间 K 线低点:6532.00)
DCE.pp2605,2025-12-16 14:55:00.000000,6256.0,2025-12-16 21:00:00.000000,6247.0,6247.00,1,-135.00,-0.14%,初始止损 (前前绿柱堆间 K 线低点:6247.00)
DCE.pp2605,2025-12-24 09:05:00.000000,6192.0,2025-12-25 10:05:00.000000,6289.0,6102.00,6,1455.00,1.57%,移动止损 (前前绿柱堆间 K 线低点:6289.00)
DCE.pp2605,2025-12-26 14:15:00.000000,6288.0,2025-12-29 14:50:00.000000,6270.0,6212.00,2,-270.00,-0.29%,初始止损 (前前绿柱堆间 K 线低点:6212.00)
DCE.pp2605,2025-12-30 10:00:00.000000,6316.0,2025-12-31 10:00:00.000000,6338.0,6272.00,6,330.00,0.35%,移动止损 (前前绿柱堆间 K 线低点:6338.00)
DCE.pp2605,2026-01-06 09:50:00.000000,6382.0,2026-01-07 22:40:00.000000,6492.0,6315.00,5,1650.00,1.72%,初始止损 (前前绿柱堆间 K 线低点:6315.00)
DCE.pp2605,2026-01-12 14:15:00.000000,6546.0,2026-01-14 09:55:00.000000,6561.0,6462.00,6,225.00,0.23%,移动止损 (前前绿柱堆间 K 线低点:6561.00)
DCE.pp2605,2026-02-04 09:00:00.000000,6783.0,2026-02-04 13:55:00.000000,6805.0,6697.00,3,220.00,0.32%,初始止损 (前前绿柱堆间 K 线低点:6697.00)
DCE.pp2605,2026-02-10 14:05:00.000000,6672.0,2026-02-11 14:05:00.000000,6704.0,6627.00,6,320.00,0.48%,移动止损 (前前绿柱堆间 K 线低点:6704.00)
DCE.pp2605,2026-03-02 09:10:00,6866.0,2026-03-04 10:50:00,7338.0,6599.00,6,4720.00,6.87%,移动止损 (前前绿柱堆间 K 线低点:7338.00)
DCE.pp2605,2026-03-04 22:35:00,7401.0,2026-03-05 22:15:00,7575.0,7245.00,4,1740.00,2.35%,移动止损 (前前绿柱堆间 K 线低点:7575.00)
DCE.pp2605,2026-03-06 21:15:00,7997.0,2026-03-10 09:05:00,8164.0,7445.00,3,1670.00,2.09%,初始止损 (前前绿柱堆间 K 线低点:7445.00)
DCE.pp2605F,2025-12-02 22:10:00.000000,6493.0,2025-12-02 22:15:00.000000,6495.0,6495.00,1,30.00,0.03%,初始止损 (前前绿柱堆间 K 线低点:6495.00)
DCE.pp2605F,2025-12-04 21:50:00.000000,6446.0,2025-12-04 22:50:00.000000,6427.0,6427.00,1,-285.00,-0.29%,初始止损 (前前绿柱堆间 K 线低点:6427.00)
DCE.pp2605F,2025-12-16 10:35:00.000000,6258.0,2025-12-16 21:00:00.000000,6247.0,6237.00,2,-165.00,-0.18%,初始止损 (前前绿柱堆间 K 线低点:6237.00)
DCE.pp2605F,2025-12-26 14:00:00.000000,6260.0,2025-12-29 14:05:00.000000,6292.0,6222.00,2,480.00,0.51%,初始止损 (前前绿柱堆间 K 线低点:6222.00)
DCE.pp2605F,2025-12-30 10:50:00.000000,6326.0,2026-01-05 13:40:00.000000,6334.0,6275.00,4,120.00,0.13%,初始止损 (前前绿柱堆间 K 线低点:6275.00)
DCE.pp2605F,2026-01-06 21:05:00.000000,6467.0,2026-01-07 22:00:00.000000,6510.0,6315.00,5,645.00,0.66%,移动止损 (前前绿柱堆间 K 线低点:6510.00)
DCE.pp2605F,2026-01-13 22:45:00.000000,6576.0,2026-01-15 11:20:00.000000,6564.0,6547.00,3,-180.00,-0.18%,初始止损 (前前绿柱堆间 K 线低点:6547.00)
DCE.pp2605F,2026-02-24 10:00:00.000000,6701.0,2026-02-25 09:25:00.000000,6765.0,6567.00,3,640.00,0.96%,移动止损 (前前绿柱堆间 K 线低点:6765.00)
DCE.pp2605F,2026-03-02 09:05:00.000000,6867.0,2026-03-04 10:45:00.000000,7354.0,6600.00,6,4870.00,7.09%,移动止损 (前前绿柱堆间 K 线低点:7354.00)
DCE.rr2605,2026-02-03 09:00:00.000000,3561.0,2026-02-03 09:35:00.000000,3554.0,3554.00,1,-140.00,-0.20%,初始止损 (前前绿柱堆间 K 线低点:3554.00)
DCE.rr2605,2026-02-26 14:25:00,3577.0,2026-02-26 23:00:00,3569.0,3567.00,2,-160.00,-0.22%,初始止损 (前前绿柱堆间 K 线低点:3567.00)
DCE.rr2605,2026-03-11 21:05:00,3581.0,2026-03-12 09:45:00,3580.0,3568.00,4,-20.00,-0.03%,移动止损 (前前绿柱堆间 K 线低点:3580.00)
DCE.v2605,2025-11-26 11:20:00.000000,4795.0,2025-11-27 14:35:00.000000,4789.0,4766.00,3,-120.00,-0.13%,初始止损 (前前绿柱堆间 K 线低点:4766.00)
DCE.v2605,2025-12-01 21:45:00.000000,4845.0,2025-12-02 09:00:00.000000,4831.0,4831.00,1,-280.00,-0.29%,初始止损 (前前绿柱堆间 K 线低点:4831.00)
DCE.v2605,2025-12-02 09:20:00.000000,4844.0,2025-12-02 09:55:00.000000,4840.0,4818.00,3,-80.00,-0.08%,移动止损 (前前绿柱堆间 K 线低点:4840.00)
DCE.v2605,2025-12-26 21:25:00.000000,4843.0,2025-12-29 13:55:00.000000,4806.0,4707.00,3,-740.00,-0.76%,初始止损 (前前绿柱堆间 K 线低点:4707.00)
DCE.v2605,2026-01-06 10:45:00.000000,4874.0,2026-01-07 10:35:00.000000,4947.0,4860.00,4,1460.00,1.50%,移动止损 (前前绿柱堆间 K 线低点:4947.00)
DCE.v2605,2026-01-14 10:00:00.000000,4876.0,2026-01-14 13:30:00.000000,4859.0,4859.00,1,-340.00,-0.35%,初始止损 (前前绿柱堆间 K 线低点:4859.00)
DCE.v2605,2026-01-22 10:55:00.000000,4820.0,2026-01-23 10:40:00.000000,4873.0,4761.00,6,1060.00,1.10%,初始止损 (前前绿柱堆间 K 线低点:4761.00)
DCE.v2605,2026-01-27 14:25:00.000000,4910.0,2026-01-27 14:30:00.000000,4928.0,4928.00,1,360.00,0.37%,初始止损 (前前绿柱堆间 K 线低点:4928.00)
DCE.v2605,2026-02-02 22:20:00.000000,5094.0,2026-02-02 22:25:00.000000,5094.0,5094.00,1,0.00,0.00%,初始止损 (前前绿柱堆间 K 线低点:5094.00)
DCE.v2605,2026-03-11 21:05:00,5726.0,2026-03-12 14:25:00,5645.0,5190.00,2,-1215.00,-1.41%,初始止损 (前前绿柱堆间 K 线低点:5190.00)
DCE.v2605F,2025-12-22 21:00:00.000000,4669.0,2025-12-23 11:25:00.000000,4696.0,4580.00,4,540.00,0.58%,移动止损 (前前绿柱堆间 K 线低点:4696.00)
DCE.v2605F,2026-01-05 21:00:00.000000,4856.0,2026-01-07 21:10:00.000000,4950.0,4745.00,6,1880.00,1.94%,初始止损 (前前绿柱堆间 K 线低点:4745.00)
DCE.v2605F,2026-01-19 22:00:00.000000,4810.0,2026-01-20 11:20:00.000000,4803.0,4768.00,3,-140.00,-0.15%,移动止损 (前前绿柱堆间 K 线低点:4803.00)
DCE.v2605F,2026-02-24 10:05:00.000000,4887.0,2026-02-24 10:10:00.000000,4900.0,4900.00,1,260.00,0.27%,初始止损 (前前绿柱堆间 K 线低点:4900.00)
DCE.v2605F,2026-03-04 14:55:00.000000,4994.0,2026-03-04 21:00:00.000000,4926.0,4926.00,1,-1360.00,-1.36%,初始止损 (前前绿柱堆间 K 线低点:4926.00)
DCE.v2605F,2026-03-11 14:00:00.000000,5489.0,2026-03-12 11:05:00.000000,5768.0,5076.00,4,4185.00,5.08%,初始止损 (前前绿柱堆间 K 线低点:5076.00)
DCE.y2605,2025-12-02 14:30:00.000000,8100.0,2025-12-02 21:20:00.000000,8060.0,8060.00,1,-400.00,-0.49%,初始止损 (前前绿柱堆间 K 线低点:8060.00)
DCE.y2605,2025-12-30 13:35:00.000000,7874.0,2025-12-31 10:00:00.000000,7832.0,7832.00,1,-420.00,-0.53%,初始止损 (前前绿柱堆间 K 线低点:7832.00)
DCE.y2605,2026-01-23 22:00:00.000000,8162.0,2026-01-26 21:30:00.000000,8180.0,8084.00,4,180.00,0.22%,初始止损 (前前绿柱堆间 K 线低点:8084.00)
DCE.y2605,2026-02-06 10:10:00.000000,8108.0,2026-02-06 10:40:00.000000,8106.0,8106.00,1,-20.00,-0.02%,初始止损 (前前绿柱堆间 K 线低点:8106.00)
DCE.y2605,2026-02-11 13:50:00.000000,8116.0,2026-02-11 14:40:00.000000,8100.0,8100.00,1,-160.00,-0.20%,初始止损 (前前绿柱堆间 K 线低点:8100.00)
DCE.y2605,2026-02-24 10:00:00,8166.0,2026-02-26 09:10:00,8218.0,8052.00,5,520.00,0.64%,移动止损 (前前绿柱堆间 K 线低点:8218.00)
DCE.y2605,2026-03-02 22:00:00,8306.0,2026-03-04 10:35:00,8344.0,8240.00,4,380.00,0.46%,初始止损 (前前绿柱堆间 K 线低点:8240.00)
DCE.y2605,2026-03-06 09:10:00,8418.0,2026-03-06 14:10:00,8412.0,8348.00,4,-60.00,-0.07%,初始止损 (前前绿柱堆间 K 线低点:8348.00)
DCE.y2605,2026-03-11 21:10:00,8670.0,2026-03-12 14:55:00,8626.0,8506.00,2,-440.00,-0.51%,回测结束
GFEX.lc2605,2025-09-29 14:15:00.000000,74180.0,2025-09-30 09:55:00.000000,73900.0,72880.00,3,-280.00,-0.38%,移动止损 (前前绿柱堆间 K 线低点:73900.00)
GFEX.lc2605,2025-10-10 09:15:00.000000,74120.0,2025-10-10 09:35:00.000000,73580.0,73580.00,1,-540.00,-0.73%,初始止损 (前前绿柱堆间 K 线低点:73580.00)
GFEX.lc2605,2025-10-15 14:15:00.000000,73480.0,2025-10-20 09:15:00.000000,76320.0,73380.00,5,2840.00,3.86%,移动止损 (前前绿柱堆间 K 线低点:76320.00)
GFEX.lc2605,2025-10-21 14:45:00.000000,76040.0,2025-10-28 09:15:00.000000,82060.0,75820.00,12,6020.00,7.92%,移动止损 (前前绿柱堆间 K 线低点:82060.00)
GFEX.lc2605,2025-10-30 10:00:00.000000,83620.0,2025-10-30 13:30:00.000000,83500.0,81400.00,3,-120.00,-0.14%,初始止损 (前前绿柱堆间 K 线低点:81400.00)
GFEX.lc2605,2025-11-13 10:35:00.000000,88560.0,2025-11-14 09:55:00.000000,89360.0,86480.00,3,800.00,0.90%,移动止损 (前前绿柱堆间 K 线低点:89360.00)
GFEX.lc2605,2025-11-17 10:05:00.000000,92060.0,2025-11-18 13:45:00.000000,95920.0,87480.00,4,3860.00,4.19%,移动止损 (前前绿柱堆间 K 线低点:95920.00)
GFEX.lc2605,2025-11-26 09:00:00.000000,98280.0,2025-11-27 09:00:00.000000,96620.0,93260.00,3,-1660.00,-1.69%,移动止损 (前前绿柱堆间 K 线低点:96620.00)
GFEX.lc2605,2025-11-27 14:20:00.000000,97600.0,2025-11-27 14:50:00.000000,96220.0,96220.00,1,-1380.00,-1.41%,初始止损 (前前绿柱堆间 K 线低点:96220.00)
GFEX.lc2605,2025-12-10 11:20:00.000000,95740.0,2025-12-12 14:55:00.000000,98100.0,92360.00,4,2360.00,2.47%,初始止损 (前前绿柱堆间 K 线低点:92360.00)
GFEX.si2605,2025-09-25 14:15:00.000000,9480.0,2025-09-26 09:00:00.000000,9395.0,9395.00,1,-850.00,-0.90%,初始止损 (前前绿柱堆间 K 线低点:9395.00)
GFEX.si2605,2025-10-20 14:30:00.000000,8955.0,2025-10-20 14:35:00.000000,8945.0,8945.00,1,-100.00,-0.11%,初始止损 (前前绿柱堆间 K 线低点:8945.00)
GFEX.si2605,2025-10-23 09:00:00.000000,8890.0,2025-10-28 13:30:00.000000,8995.0,8830.00,7,1050.00,1.18%,初始止损 (前前绿柱堆间 K 线低点:8830.00)
GFEX.si2605,2025-11-19 11:15:00.000000,9115.0,2025-11-21 09:00:00.000000,9120.0,8875.00,4,50.00,0.05%,移动止损 (前前绿柱堆间 K 线低点:9120.00)
GFEX.si2605,2026-01-19 14:00:00.000000,8795.0,2026-01-20 10:55:00.000000,8775.0,8605.00,3,-200.00,-0.23%,移动止损 (前前绿柱堆间 K 线低点:8775.00)
GFEX.si2605,2026-01-22 09:50:00.000000,8805.0,2026-01-23 09:15:00.000000,8810.0,8770.00,3,50.00,0.06%,初始止损 (前前绿柱堆间 K 线低点:8770.00)
GFEX.si2605,2026-02-02 10:05:00,8965.0,2026-02-02 13:35:00,8910.0,8760.00,2,-550.00,-0.61%,初始止损 (前前绿柱堆间 K 线低点:8760.00)
GFEX.si2605,2026-03-04 14:10:00,8475.0,2026-03-06 09:05:00,8535.0,8150.00,4,600.00,0.71%,初始止损 (前前绿柱堆间 K 线低点:8150.00)
INE.ec2604,2025-10-29 14:15:00.000000,1189.2,2025-10-30 10:55:00.000000,1172.7,1166.70,2,-825.00,-1.39%,初始止损 (前前绿柱堆间 K 线低点:1166.70)
INE.ec2604,2025-12-10 10:45:00.000000,1089.1,2025-12-15 09:20:00.000000,1116.6,1069.60,5,1375.00,2.53%,初始止损 (前前绿柱堆间 K 线低点:1069.60)
INE.ec2604,2025-12-24 14:20:00.000000,1166.6,2025-12-26 09:00:00.000000,1160.1,1160.10,1,-325.00,-0.56%,初始止损 (前前绿柱堆间 K 线低点:1160.10)
INE.ec2604,2026-01-05 14:40:00.000000,1195.0,2026-01-06 09:10:00.000000,1184.0,1184.00,1,-550.00,-0.92%,初始止损 (前前绿柱堆间 K 线低点:1184.00)
INE.ec2604,2026-01-15 09:10:00.000000,1246.5,2026-01-15 09:35:00.000000,1234.3,1167.70,2,-610.00,-0.98%,初始止损 (前前绿柱堆间 K 线低点:1167.70)
INE.ec2604,2026-01-28 10:00:00.000000,1229.2,2026-01-29 13:50:00.000000,1235.0,1170.00,3,290.00,0.47%,初始止损 (前前绿柱堆间 K 线低点:1170.00)
INE.ec2604,2026-02-03 11:20:00,1227.6,2026-02-04 09:05:00,1212.2,1153.00,2,-770.00,-1.25%,初始止损 (前前绿柱堆间 K 线低点:1153.00)
INE.ec2604,2026-02-12 11:15:00,1240.9,2026-02-13 11:25:00,1253.0,1189.00,3,605.00,0.98%,移动止损 (前前绿柱堆间 K 线低点:1253.00)
INE.lu2605,2025-11-26 11:15:00.000000,3037.0,2025-11-26 21:00:00.000000,3008.0,3008.00,1,-870.00,-0.95%,初始止损 (前前绿柱堆间 K 线低点:3008.00)
INE.lu2605,2025-12-05 14:15:00.000000,3035.0,2025-12-08 21:00:00.000000,3066.0,3021.00,5,930.00,1.02%,初始止损 (前前绿柱堆间 K 线低点:3021.00)
INE.lu2605,2025-12-19 21:35:00.000000,2934.0,2025-12-23 22:40:00.000000,2988.0,2906.00,5,1620.00,1.84%,初始止损 (前前绿柱堆间 K 线低点:2906.00)
INE.lu2605,2026-01-13 13:40:00.000000,3044.0,2026-01-14 14:40:00.000000,3083.0,2985.00,4,1170.00,1.28%,初始止损 (前前绿柱堆间 K 线低点:2985.00)
INE.lu2605,2026-01-23 22:40:00.000000,3177.0,2026-01-26 22:20:00.000000,3165.0,3082.00,4,-360.00,-0.38%,移动止损 (前前绿柱堆间 K 线低点:3165.00)
INE.lu2605,2026-02-25 22:00:00,3479.0,2026-02-25 22:45:00,3455.0,3455.00,1,-480.00,-0.69%,初始止损 (前前绿柱堆间 K 线低点:3455.00)
INE.lu2605,2026-02-27 21:05:00,3596.0,2026-03-04 21:05:00,4182.0,3473.00,7,11720.00,16.30%,初始止损 (前前绿柱堆间 K 线低点:3473.00)
INE.lu2605,2026-03-05 13:40:00,4571.0,2026-03-05 22:10:00,4495.0,4093.00,3,-1520.00,-1.66%,移动止损 (前前绿柱堆间 K 线低点:4495.00)
INE.lu2605,2026-03-06 21:10:00,4967.0,2026-03-10 09:05:00,5225.0,4313.00,3,5160.00,5.19%,初始止损 (前前绿柱堆间 K 线低点:4313.00)
INE.lu2605,2026-03-12 09:05:00,5719.0,2026-03-12 14:55:00,5551.0,5324.00,1,-1680.00,-2.94%,回测结束
SHFE.ao2605,2025-12-16 21:40:00.000000,2701.0,2025-12-16 22:05:00.000000,2692.0,2692.00,1,-180.00,-0.33%,初始止损 (前前绿柱堆间 K 线低点:2692.00)
SHFE.ao2605,2025-12-17 21:00:00.000000,2734.0,2025-12-18 21:00:00.000000,2702.0,2686.00,3,-640.00,-1.17%,初始止损 (前前绿柱堆间 K 线低点:2686.00)
SHFE.ao2605,2025-12-23 00:35:00.000000,2657.0,2025-12-23 11:25:00.000000,2654.0,2631.00,3,-60.00,-0.11%,移动止损 (前前绿柱堆间 K 线低点:2654.00)
SHFE.ao2605,2025-12-23 23:40:00.000000,2665.0,2025-12-23 23:50:00.000000,2662.0,2662.00,1,-60.00,-0.11%,初始止损 (前前绿柱堆间 K 线低点:2662.00)
SHFE.ao2605,2025-12-29 21:00:00.000000,2753.0,2025-12-29 21:05:00.000000,2760.0,2760.00,1,140.00,0.25%,初始止损 (前前绿柱堆间 K 线低点:2760.00)
SHFE.ao2605,2026-01-05 09:05:00.000000,2813.0,2026-01-06 09:15:00.000000,2774.0,2745.00,4,-780.00,-1.39%,移动止损 (前前绿柱堆间 K 线低点:2774.00)
SHFE.ao2605,2026-01-15 09:00:00.000000,2787.0,2026-01-15 09:25:00.000000,2780.0,2780.00,1,-140.00,-0.25%,初始止损 (前前绿柱堆间 K 线低点:2780.00)
SHFE.ao2605,2026-01-26 13:55:00.000000,2728.0,2026-01-26 14:00:00.000000,2730.0,2730.00,1,40.00,0.07%,初始止损 (前前绿柱堆间 K 线低点:2730.00)
SHFE.ao2605,2026-01-27 14:25:00.000000,2727.0,2026-01-27 14:40:00.000000,2722.0,2722.00,1,-100.00,-0.18%,初始止损 (前前绿柱堆间 K 线低点:2722.00)
SHFE.ao2605,2026-01-27 21:05:00.000000,2734.0,2026-01-28 11:00:00.000000,2779.0,2723.00,5,900.00,1.65%,移动止损 (前前绿柱堆间 K 线低点:2779.00)
SHFE.ao2605,2026-02-03 23:10:00.000000,2811.0,2026-02-03 23:50:00.000000,2809.0,2780.00,2,-40.00,-0.07%,初始止损 (前前绿柱堆间 K 线低点:2780.00)
SHFE.ao2605,2026-02-09 11:15:00.000000,2868.0,2026-02-10 09:00:00.000000,2856.0,2804.00,2,-240.00,-0.42%,初始止损 (前前绿柱堆间 K 线低点:2804.00)
SHFE.ao2605,2026-02-13 14:55:00.000000,2841.0,2026-02-24 09:55:00.000000,2818.0,2818.00,1,-460.00,-0.81%,初始止损 (前前绿柱堆间 K 线低点:2818.00)
SHFE.ao2605,2026-02-25 09:35:00.000000,2850.0,2026-02-25 21:45:00.000000,2853.0,2836.00,3,60.00,0.11%,初始止损 (前前绿柱堆间 K 线低点:2836.00)
SHFE.ao2605,2026-03-05 11:25:00,2813.0,2026-03-05 22:10:00,2793.0,2763.00,3,-400.00,-0.71%,移动止损 (前前绿柱堆间 K 线低点:2793.00)
SHFE.ao2605,2026-03-11 13:35:00,2869.0,2026-03-12 11:00:00,2886.0,2826.00,4,340.00,0.59%,初始止损 (前前绿柱堆间 K 线低点:2826.00)
SHFE.br2605,2025-12-02 10:00:00.000000,10595.0,2025-12-03 11:10:00.000000,10705.0,10350.00,3,550.00,1.04%,初始止损 (前前绿柱堆间 K 线低点:10350.00)
SHFE.br2605,2025-12-10 11:25:00.000000,10675.0,2025-12-10 22:00:00.000000,10695.0,10535.00,3,100.00,0.19%,初始止损 (前前绿柱堆间 K 线低点:10535.00)
SHFE.br2605,2025-12-12 14:45:00.000000,10820.0,2025-12-15 22:15:00.000000,10965.0,10705.00,6,725.00,1.34%,移动止损 (前前绿柱堆间 K 线低点:10965.00)
SHFE.br2605,2025-12-16 22:30:00.000000,11040.0,2025-12-18 09:50:00.000000,11135.0,10915.00,5,475.00,0.86%,移动止损 (前前绿柱堆间 K 线低点:11135.00)
SHFE.br2605,2025-12-24 14:15:00.000000,11285.0,2025-12-25 11:25:00.000000,11305.0,11100.00,4,100.00,0.18%,移动止损 (前前绿柱堆间 K 线低点:11305.00)
SHFE.br2605,2026-01-07 22:00:00.000000,12495.0,2026-01-08 22:40:00.000000,12000.0,12000.00,1,-2475.00,-3.96%,初始止损 (前前绿柱堆间 K 线低点:12000.00)
SHFE.br2605,2026-01-29 21:05:00.000000,13485.0,2026-01-30 11:20:00.000000,13340.0,13045.00,3,-725.00,-1.08%,移动止损 (前前绿柱堆间 K 线低点:13340.00)
SHFE.br2605,2026-02-09 21:05:00.000000,13040.0,2026-02-10 09:00:00.000000,12945.0,12690.00,2,-475.00,-0.73%,初始止损 (前前绿柱堆间 K 线低点:12690.00)
SHFE.br2605,2026-03-02 09:10:00,13075.0,2026-03-03 14:10:00,13525.0,12620.00,4,2250.00,3.44%,初始止损 (前前绿柱堆间 K 线低点:12620.00)
SHFE.br2605,2026-03-04 15:00:00,13880.0,2026-03-06 09:10:00,14150.0,13515.00,5,1350.00,1.95%,移动止损 (前前绿柱堆间 K 线低点:14150.00)
SHFE.bu2606,2025-12-05 14:40:00.000000,3013.0,2025-12-05 21:00:00.000000,3003.0,3003.00,1,-300.00,-0.33%,初始止损 (前前绿柱堆间 K 线低点:3003.00)
SHFE.bu2606,2025-12-10 21:05:00.000000,3025.0,2025-12-11 14:55:00.000000,3027.0,3000.00,3,60.00,0.07%,移动止损 (前前绿柱堆间 K 线低点:3027.00)
SHFE.bu2606,2025-12-12 14:50:00.000000,3021.0,2025-12-12 21:20:00.000000,3014.0,2980.00,3,-210.00,-0.23%,移动止损 (前前绿柱堆间 K 线低点:3014.00)
SHFE.bu2606,2025-12-22 09:00:00.000000,2995.0,2025-12-23 10:05:00.000000,3015.0,2941.00,3,600.00,0.67%,初始止损 (前前绿柱堆间 K 线低点:2941.00)
SHFE.bu2606,2025-12-24 09:05:00.000000,3029.0,2025-12-24 09:45:00.000000,3021.0,3021.00,1,-240.00,-0.26%,初始止损 (前前绿柱堆间 K 线低点:3021.00)
SHFE.bu2606,2025-12-24 14:10:00.000000,3038.0,2025-12-24 22:05:00.000000,3031.0,3021.00,3,-210.00,-0.23%,移动止损 (前前绿柱堆间 K 线低点:3031.00)
SHFE.bu2606,2026-01-20 22:15:00.000000,3166.0,2026-01-21 09:00:00.000000,3154.0,3154.00,1,-360.00,-0.38%,初始止损 (前前绿柱堆间 K 线低点:3154.00)
SHFE.bu2606,2026-01-21 22:35:00.000000,3230.0,2026-01-22 11:20:00.000000,3234.0,3154.00,4,120.00,0.12%,移动止损 (前前绿柱堆间 K 线低点:3234.00)
SHFE.bu2606,2026-01-26 22:20:00.000000,3285.0,2026-01-27 10:30:00.000000,3278.0,3268.00,3,-210.00,-0.21%,移动止损 (前前绿柱堆间 K 线低点:3278.00)
SHFE.bu2606,2026-02-04 09:05:00.000000,3365.0,2026-02-05 10:30:00.000000,3351.0,3292.00,3,-280.00,-0.42%,初始止损 (前前绿柱堆间 K 线低点:3292.00)
SHFE.bu2606,2026-02-09 14:30:00.000000,3339.0,2026-02-09 14:35:00.000000,3344.0,3344.00,1,100.00,0.15%,初始止损 (前前绿柱堆间 K 线低点:3344.00)
SHFE.bu2606,2026-02-10 10:00:00.000000,3361.0,2026-02-10 14:35:00.000000,3358.0,3335.00,3,-60.00,-0.09%,移动止损 (前前绿柱堆间 K 线低点:3358.00)
SHFE.bu2606,2026-02-24 10:00:00,3411.0,2026-02-25 09:45:00,3380.0,3277.00,3,-620.00,-0.91%,移动止损 (前前绿柱堆间 K 线低点:3380.00)
SHFE.bu2606,2026-02-26 14:15:00,3373.0,2026-02-26 21:05:00,3368.0,3368.00,1,-100.00,-0.15%,初始止损 (前前绿柱堆间 K 线低点:3368.00)
SHFE.bu2606,2026-03-06 21:20:00,3857.0,2026-03-09 22:10:00,4054.0,3711.00,4,3940.00,5.11%,移动止损 (前前绿柱堆间 K 线低点:4054.00)
SHFE.bu2606,2026-03-11 14:25:00,3836.0,2026-03-12 14:55:00,3973.0,3853.00,3,2740.00,3.57%,回测结束
SHFE.fu2605,2025-11-24 11:15:00.000000,2537.0,2025-11-25 14:25:00.000000,2535.0,2535.00,1,-60.00,-0.08%,初始止损 (前前绿柱堆间 K 线低点:2535.00)
SHFE.fu2605,2025-11-27 11:20:00.000000,2511.0,2025-11-27 13:30:00.000000,2509.0,2494.00,3,-60.00,-0.08%,移动止损 (前前绿柱堆间 K 线低点:2509.00)
SHFE.fu2605,2025-12-22 09:00:00.000000,2454.0,2025-12-23 14:35:00.000000,2490.0,2407.00,4,1440.00,1.47%,初始止损 (前前绿柱堆间 K 线低点:2407.00)
SHFE.fu2605,2025-12-24 14:45:00.000000,2498.0,2025-12-24 21:00:00.000000,2496.0,2496.00,1,-80.00,-0.08%,初始止损 (前前绿柱堆间 K 线低点:2496.00)
SHFE.fu2605,2026-01-12 14:00:00.000000,2471.0,2026-01-12 14:05:00.000000,2500.0,2500.00,1,1160.00,1.17%,初始止损 (前前绿柱堆间 K 线低点:2500.00)
SHFE.fu2605,2026-02-04 10:00:00.000000,2804.0,2026-02-05 21:05:00.000000,2801.0,2678.00,5,-90.00,-0.11%,移动止损 (前前绿柱堆间 K 线低点:2801.00)
SHFE.fu2605,2026-02-12 22:05:00,2897.0,2026-02-13 09:05:00,2870.0,2870.00,1,-810.00,-0.93%,初始止损 (前前绿柱堆间 K 线低点:2870.00)
SHFE.fu2605,2026-02-27 22:00:00,3087.0,2026-03-04 11:05:00,3715.0,2906.00,5,18840.00,20.34%,初始止损 (前前绿柱堆间 K 线低点:2906.00)
SHFE.fu2605,2026-03-05 13:45:00,4202.0,2026-03-05 22:10:00,4044.0,3694.00,3,-3160.00,-3.76%,移动止损 (前前绿柱堆间 K 线低点:4044.00)
SHFE.hc2605,2025-11-24 14:05:00.000000,3304.0,2025-11-24 22:15:00.000000,3294.0,3268.00,3,-300.00,-0.30%,移动止损 (前前绿柱堆间 K 线低点:3294.00)
SHFE.hc2605,2025-11-26 14:15:00.000000,3299.0,2025-11-26 21:00:00.000000,3284.0,3284.00,1,-450.00,-0.45%,初始止损 (前前绿柱堆间 K 线低点:3284.00)
SHFE.hc2605,2025-12-10 14:15:00.000000,3301.0,2025-12-11 09:45:00.000000,3268.0,3244.00,4,-990.00,-1.00%,移动止损 (前前绿柱堆间 K 线低点:3268.00)
SHFE.hc2605,2025-12-19 21:10:00.000000,3273.0,2025-12-19 21:20:00.000000,3266.0,3266.00,1,-210.00,-0.21%,初始止损 (前前绿柱堆间 K 线低点:3266.00)
SHFE.hc2605,2025-12-24 11:20:00.000000,3290.0,2025-12-24 22:20:00.000000,3286.0,3266.00,3,-120.00,-0.12%,移动止损 (前前绿柱堆间 K 线低点:3286.00)
SHFE.hc2605,2026-01-06 22:05:00.000000,3283.0,2026-01-07 22:35:00.000000,3337.0,3239.00,4,1620.00,1.64%,初始止损 (前前绿柱堆间 K 线低点:3239.00)
SHFE.hc2605,2026-01-12 11:15:00.000000,3314.0,2026-01-12 14:35:00.000000,3310.0,3296.00,2,-120.00,-0.12%,初始止损 (前前绿柱堆间 K 线低点:3296.00)
SHFE.hc2605,2026-01-16 09:00:00.000000,3320.0,2026-01-16 14:30:00.000000,3313.0,3301.00,3,-210.00,-0.21%,移动止损 (前前绿柱堆间 K 线低点:3313.00)
SHFE.hc2605,2026-02-04 11:10:00.000000,3284.0,2026-02-04 21:45:00.000000,3270.0,3261.00,2,-420.00,-0.43%,初始止损 (前前绿柱堆间 K 线低点:3261.00)
SHFE.hc2605,2026-02-11 10:30:00.000000,3238.0,2026-02-11 22:10:00,3232.0,3218.00,3,-180.00,-0.19%,移动止损 (前前绿柱堆间 K 线低点:3232.00)
SHFE.hc2605,2026-03-03 21:25:00,3216.0,2026-03-04 09:50:00,3210.0,3207.00,2,-180.00,-0.19%,初始止损 (前前绿柱堆间 K 线低点:3207.00)
SHFE.hc2605,2026-03-04 21:10:00,3225.0,2026-03-05 14:00:00,3216.0,3210.00,2,-270.00,-0.28%,初始止损 (前前绿柱堆间 K 线低点:3210.00)
SHFE.hc2605,2026-03-06 14:25:00,3228.0,2026-03-10 09:05:00,3259.0,3205.00,4,930.00,0.96%,初始止损 (前前绿柱堆间 K 线低点:3205.00)
SHFE.hc2605,2026-03-10 21:20:00,3260.0,2026-03-10 21:35:00,3252.0,3252.00,1,-240.00,-0.25%,初始止损 (前前绿柱堆间 K 线低点:3252.00)
SHFE.pb2604,2025-12-22 22:20:00.000000,16985.0,2025-12-22 23:15:00.000000,16950.0,16950.00,1,-175.00,-0.21%,初始止损 (前前绿柱堆间 K 线低点:16950.00)
SHFE.pb2604,2025-12-23 21:40:00.000000,17090.0,2025-12-24 00:10:00.000000,17035.0,16960.00,3,-275.00,-0.32%,移动止损 (前前绿柱堆间 K 线低点:17035.00)
SHFE.pb2604,2025-12-24 13:55:00.000000,17210.0,2025-12-25 09:05:00.000000,17235.0,17000.00,3,125.00,0.15%,初始止损 (前前绿柱堆间 K 线低点:17000.00)
SHFE.pb2604,2025-12-26 14:25:00.000000,17460.0,2025-12-29 13:55:00.000000,17525.0,17300.00,4,325.00,0.37%,初始止损 (前前绿柱堆间 K 线低点:17300.00)
SHFE.pb2604,2026-01-09 14:20:00.000000,17430.0,2026-01-09 21:05:00.000000,17410.0,17325.00,2,-100.00,-0.11%,初始止损 (前前绿柱堆间 K 线低点:17325.00)
SHFE.pb2604,2026-02-09 09:00:00.000000,16625.0,2026-02-11 00:30:00.000000,16720.0,16520.00,6,475.00,0.57%,移动止损 (前前绿柱堆间 K 线低点:16720.00)
SHFE.pb2604,2026-02-26 14:00:00,16760.0,2026-02-26 14:05:00,16755.0,16755.00,1,-25.00,-0.03%,初始止损 (前前绿柱堆间 K 线低点:16755.00)
SHFE.pb2604,2026-03-02 11:30:00,16875.0,2026-03-03 00:05:00,16920.0,16780.00,3,225.00,0.27%,初始止损 (前前绿柱堆间 K 线低点:16780.00)
SHFE.pb2604,2026-03-12 14:20:00,16635.0,2026-03-12 14:40:00,16625.0,16625.00,1,-50.00,-0.06%,初始止损 (前前绿柱堆间 K 线低点:16625.00)
SHFE.rb2605,2025-11-24 14:05:00.000000,3135.0,2025-11-24 14:55:00.000000,3120.0,3120.00,1,-450.00,-0.48%,初始止损 (前前绿柱堆间 K 线低点:3120.00)
SHFE.rb2605,2025-11-28 21:35:00.000000,3122.0,2025-12-01 22:00:00.000000,3159.0,3103.00,4,1110.00,1.19%,初始止损 (前前绿柱堆间 K 线低点:3103.00)
SHFE.rb2605,2025-12-03 13:45:00.000000,3171.0,2025-12-03 14:50:00.000000,3169.0,3155.00,3,-60.00,-0.06%,移动止损 (前前绿柱堆间 K 线低点:3169.00)
SHFE.rb2605,2025-12-10 13:35:00.000000,3134.0,2025-12-10 14:45:00.000000,3117.0,3117.00,1,-510.00,-0.54%,初始止损 (前前绿柱堆间 K 线低点:3117.00)
SHFE.rb2605,2025-12-15 10:30:00.000000,3084.0,2025-12-15 21:20:00.000000,3074.0,3052.00,3,-300.00,-0.32%,移动止损 (前前绿柱堆间 K 线低点:3074.00)
SHFE.rb2605,2025-12-22 13:55:00.000000,3125.0,2025-12-22 14:35:00.000000,3121.0,3121.00,1,-120.00,-0.13%,初始止损 (前前绿柱堆间 K 线低点:3121.00)
SHFE.rb2605,2026-01-06 22:00:00.000000,3139.0,2026-01-08 09:55:00.000000,3193.0,3093.00,4,1620.00,1.72%,移动止损 (前前绿柱堆间 K 线低点:3193.00)
SHFE.rb2605,2026-01-12 14:20:00.000000,3173.0,2026-01-12 14:35:00.000000,3163.0,3163.00,1,-300.00,-0.32%,初始止损 (前前绿柱堆间 K 线低点:3163.00)
SHFE.rb2605,2026-01-14 11:15:00.000000,3171.0,2026-01-14 13:30:00.000000,3164.0,3164.00,1,-210.00,-0.22%,初始止损 (前前绿柱堆间 K 线低点:3164.00)
SHFE.rb2605,2026-01-16 10:10:00.000000,3185.0,2026-01-16 21:00:00.000000,3160.0,3156.00,2,-750.00,-0.78%,初始止损 (前前绿柱堆间 K 线低点:3156.00)
SHFE.rb2605,2026-01-29 11:10:00.000000,3147.0,2026-01-30 09:00:00.000000,3156.0,3120.00,3,270.00,0.29%,初始止损 (前前绿柱堆间 K 线低点:3120.00)
SHFE.rb2605,2026-02-27 13:50:00,3060.0,2026-02-27 14:00:00,3054.0,3054.00,1,-180.00,-0.20%,初始止损 (前前绿柱堆间 K 线低点:3054.00)
SHFE.rb2605,2026-03-03 21:30:00,3072.0,2026-03-04 09:50:00,3067.0,3058.00,2,-150.00,-0.16%,初始止损 (前前绿柱堆间 K 线低点:3058.00)
SHFE.rb2605,2026-03-04 21:10:00,3079.0,2026-03-05 11:15:00,3073.0,3066.00,2,-180.00,-0.19%,初始止损 (前前绿柱堆间 K 线低点:3066.00)
SHFE.rb2605,2026-03-06 14:25:00,3089.0,2026-03-10 09:25:00,3099.0,3064.00,3,300.00,0.32%,初始止损 (前前绿柱堆间 K 线低点:3064.00)
SHFE.rb2605,2026-03-11 21:50:00,3124.0,2026-03-12 14:35:00,3125.0,3110.00,4,30.00,0.03%,移动止损 (前前绿柱堆间 K 线低点:3125.00)
SHFE.sp2605,2025-11-27 22:15:00.000000,5232.0,2025-11-27 22:20:00.000000,5236.0,5236.00,1,40.00,0.08%,初始止损 (前前绿柱堆间 K 线低点:5236.00)
SHFE.sp2605,2025-12-19 22:00:00.000000,5562.0,2025-12-22 22:55:00.000000,5632.0,5464.00,3,700.00,1.26%,移动止损 (前前绿柱堆间 K 线低点:5632.00)
SHFE.sp2605,2025-12-23 21:00:00.000000,5642.0,2025-12-23 22:25:00.000000,5582.0,5582.00,1,-600.00,-1.06%,初始止损 (前前绿柱堆间 K 线低点:5582.00)
SHFE.sp2605,2026-01-06 09:40:00.000000,5558.0,2026-01-06 11:10:00.000000,5536.0,5536.00,1,-220.00,-0.40%,初始止损 (前前绿柱堆间 K 线低点:5536.00)
SHFE.sp2605,2026-01-13 10:00:00.000000,5536.0,2026-01-13 21:00:00.000000,5484.0,5484.00,1,-520.00,-0.94%,初始止损 (前前绿柱堆间 K 线低点:5484.00)
SHFE.sp2605,2026-01-14 10:35:00.000000,5524.0,2026-01-14 10:55:00.000000,5516.0,5486.00,2,-80.00,-0.14%,初始止损 (前前绿柱堆间 K 线低点:5486.00)
SHFE.sp2605,2026-01-28 14:25:00.000000,5364.0,2026-01-29 21:00:00.000000,5370.0,5350.00,4,60.00,0.11%,初始止损 (前前绿柱堆间 K 线低点:5350.00)
SHFE.sp2605,2026-02-13 11:15:00,5252.0,2026-02-25 14:10:00,5360.0,5228.00,6,1080.00,2.06%,移动止损 (前前绿柱堆间 K 线低点:5360.00)
SHFE.sp2605,2026-03-02 21:15:00,5264.0,2026-03-03 09:20:00,5256.0,5214.00,3,-80.00,-0.15%,移动止损 (前前绿柱堆间 K 线低点:5256.00)
SHFE.sp2605,2026-03-03 22:15:00,5286.0,2026-03-04 14:20:00,5244.0,5212.00,3,-420.00,-0.79%,移动止损 (前前绿柱堆间 K 线低点:5244.00)
SHFE.sp2605,2026-03-06 10:10:00,5288.0,2026-03-09 13:40:00,5344.0,5238.00,5,560.00,1.06%,初始止损 (前前绿柱堆间 K 线低点:5238.00)
SHFE.ss2605,2025-12-24 14:55:00.000000,13195.0,2025-12-24 21:30:00.000000,13075.0,13075.00,1,-600.00,-0.91%,初始止损 (前前绿柱堆间 K 线低点:13075.00)
SHFE.ss2605,2026-01-06 11:15:00.000000,13605.0,2026-01-07 10:10:00.000000,14010.0,13430.00,5,2025.00,2.98%,移动止损 (前前绿柱堆间 K 线低点:14010.00)
SHFE.ss2605,2026-01-09 21:00:00.000000,14010.0,2026-01-09 21:55:00.000000,13930.0,13905.00,2,-400.00,-0.57%,初始止损 (前前绿柱堆间 K 线低点:13905.00)
SHFE.ss2605,2026-01-14 00:10:00.000000,14010.0,2026-01-14 09:00:00.000000,14000.0,13900.00,2,-50.00,-0.07%,初始止损 (前前绿柱堆间 K 线低点:13900.00)
SHFE.ss2605,2026-01-19 23:10:00.000000,14450.0,2026-01-20 10:10:00.000000,14340.0,14340.00,1,-550.00,-0.76%,初始止损 (前前绿柱堆间 K 线低点:14340.00)
SHFE.ss2605,2026-01-21 14:30:00.000000,14655.0,2026-01-21 23:50:00.000000,14670.0,14245.00,4,75.00,0.10%,移动止损 (前前绿柱堆间 K 线低点:14670.00)
SHFE.ss2605,2026-01-23 11:25:00.000000,14760.0,2026-01-23 21:00:00.000000,14695.0,14520.00,3,-325.00,-0.44%,移动止损 (前前绿柱堆间 K 线低点:14695.00)
SHFE.ss2605,2026-01-26 10:30:00.000000,14845.0,2026-01-27 09:00:00.000000,14690.0,14630.00,2,-775.00,-1.04%,初始止损 (前前绿柱堆间 K 线低点:14630.00)
SHFE.ss2605,2026-02-06 22:30:00.000000,13780.0,2026-02-09 09:20:00.000000,13820.0,13750.00,3,200.00,0.29%,移动止损 (前前绿柱堆间 K 线低点:13820.00)
SHFE.ss2605,2026-02-09 09:25:00.000000,13860.0,2026-02-09 21:20:00.000000,13820.0,13820.00,1,-200.00,-0.29%,初始止损 (前前绿柱堆间 K 线低点:13820.00)
SHFE.ss2605,2026-02-10 22:55:00.000000,13850.0,2026-02-12 00:15:00.000000,14140.0,13790.00,4,1450.00,2.09%,移动止损 (前前绿柱堆间 K 线低点:14140.00)
SHFE.ss2605,2026-02-12 11:15:00.000000,14075.0,2026-02-12 13:50:00.000000,14025.0,14025.00,1,-250.00,-0.36%,初始止损 (前前绿柱堆间 K 线低点:14025.00)
SHFE.ss2605,2026-03-02 14:30:00,14390.0,2026-03-02 22:30:00,14175.0,14175.00,1,-1075.00,-1.49%,初始止损 (前前绿柱堆间 K 线低点:14175.00)
SHFE.ss2605,2026-03-06 11:20:00,14270.0,2026-03-06 22:35:00,14190.0,14065.00,3,-400.00,-0.56%,初始止损 (前前绿柱堆间 K 线低点:14065.00)
SHFE.ss2605,2026-03-10 00:10:00,14260.0,2026-03-10 09:05:00,14240.0,14190.00,2,-100.00,-0.14%,初始止损 (前前绿柱堆间 K 线低点:14190.00)
SHFE.wr2605,2026-01-06 11:15:00.000000,3486.0,2026-01-07 14:40:00.000000,3519.0,3443.00,5,660.00,0.95%,移动止损 (前前绿柱堆间 K 线低点:3519.00)
SHFE.wr2605,2026-02-27 15:00:00,3350.0,2026-03-02 09:35:00,3335.0,3335.00,1,-300.00,-0.45%,初始止损 (前前绿柱堆间 K 线低点:3335.00)
SHFE.wr2605,2026-03-05 13:50:00,3349.0,2026-03-05 14:00:00,3328.0,3328.00,1,-420.00,-0.63%,初始止损 (前前绿柱堆间 K 线低点:3328.00)
SHFE.wr2605,2026-03-09 10:05:00,3420.0,2026-03-09 14:55:00,3416.0,3334.00,3,-80.00,-0.12%,移动止损 (前前绿柱堆间 K 线低点:3416.00)
SHFE.wr2605,2026-03-13 11:20:00,3364.0,2026-03-13 15:00:00,3377.0,3342.00,5,260.00,0.39%,初始止损 (前前绿柱堆间 K 线低点:3342.00)
