ProductID,Exchange,main,main_OI,main_Vol,main2,main2_OI,main2_Vol,main3,main3_OI,main3_Vol,main4,main4_OI,main4_Vol,HasMarketData
IC,CFFEX,IC2609,121164,78729,IC2612,102862,37793,IC2703,39784,11859,,,,1
IF,CFFEX,IF2609,110440,55597,IF2612,103188,25748,IF2703,39266,5637,,,,1
IH,CFFEX,IH2609,50673,23296,IH2612,45418,9883,IH2703,11748,2385,,,,1
IM,CFFEX,IM2609,186009,128222,IM2612,159115,60078,IM2703,69950,16483,,,,1
T,CFFEX,T2612,394115,70727,T2703,14173,2071,T2609,1822,165,,,,1
TF,CFFEX,TF2612,205166,45962,TF2703,5704,1310,TF2609,5694,91,,,,1
TL,CFFEX,TL2612,200197,89876,TL2703,19604,4649,TL2609,7458,17,,,,1
TS,CFFEX,TS2612,72177,32351,TS2703,2251,407,TS2609,490,202,,,,1
AP,CZCE,AP701,115811,0,AP611,23120,0,AP610,19281,0,,,,1
CF,CZCE,CF701,531960,201147,CF611,262667,46323,CF703,67150,32862,,,,1
CJ,CZCE,CJ701,201446,0,CJ705,36466,0,CJ612,26676,0,,,,1
CY,CZCE,CY611,13384,4541,CY701,6801,1825,CY609,210,0,,,,1
FG,CZCE,FG701,1216161,625826,FG611,330520,67083,FG703,124540,21912,,,,1
JR,CZCE,JR609,0,0,JR611,0,0,JR701,0,0,,,,0
MA,CZCE,MA610,634492,1338973,MA701,561381,211139,MA611,346181,320344,,,,1
OI,CZCE,OI701,307506,169002,OI611,222688,69150,OI703,48043,12407,,,,1
PF,CZCE,PF611,216532,121236,PF610,61219,54820,PF612,48189,25188,,,,1
PK,CZCE,PK611,205996,0,PK612,68729,0,PK610,27426,0,,,,1
PL,CZCE,PL611,26820,25715,PL612,11599,2404,PL701,7520,398,,,,1
PM,CZCE,PM609,0,0,PM611,0,0,PM701,0,0,,,,0
PR,CZCE,PR611,60324,26619,PR612,17324,7655,PR610,12526,3537,,,,1
PX,CZCE,PX611,166660,156005,PX701,51732,14714,PX612,46813,59368,,,,1
RI,CZCE,RI609,0,0,RI611,0,0,RI701,0,0,,,,0
RM,CZCE,RM611,604443,317973,RM701,579024,206380,RM703,133753,46649,,,,1
RS,CZCE,RS609,21,0,RS611,16,0,,0,0,,,,1
SA,CZCE,SA701,1315468,657529,SA611,355955,92130,SA612,147095,49683,,,,1
SF,CZCE,SF611,388801,0,SF701,111449,0,SF612,66705,0,,,,1
SH,CZCE,SH611,236496,175093,SH701,72100,20496,SH612,35233,18124,,,,1
SM,CZCE,SM611,296976,0,SM701,223727,0,SM612,46152,0,,,,1
SR,CZCE,SR701,651034,248164,SR611,197177,47825,SR705,129133,20377,,,,1
TA,CZCE,TA701,1133349,491154,TA611,584405,133267,TA610,260881,69220,,,,1
UR,CZCE,UR701,268281,0,UR611,88112,0,UR612,36600,0,,,,1
WH,CZCE,WH609,0,0,WH611,0,0,WH701,0,0,,,,0
ZC,CZCE,ZC610,0,0,ZC611,0,0,ZC612,0,0,,,,0
a,DCE,a2611,370878,150955,a2701,181112,51186,a2703,82806,14652,,,,1
b,DCE,b2611,208824,98970,b2612,58325,4673,b2610,57445,9090,,,,1
bb,DCE,bb2611,216,0,bb2701,109,0,bb2703,45,0,,,,1
bz,DCE,bz2610,31375,47470,bz2611,17236,8004,bz2612,5980,474,,,,1
c,DCE,c2611,1195017,292727,c2701,577039,104639,c2703,274171,18182,,,,1
cs,DCE,cs2611,288248,73418,cs2701,60201,12857,cs2703,43984,2875,,,,1
eb,DCE,eb2610,342944,671640,eb2611,224287,162478,eb2612,56012,25836,,,,1
eg,DCE,eg2610,362269,969557,eg2701,199919,125960,eg2611,131368,61373,,,,1
fb,DCE,fb2611,9932,0,fb2612,7417,0,fb2701,4315,0,,,,1
i,DCE,i2701,612487,128849,i2705,96916,7485,i2611,88927,2636,,,,1
j,DCE,j2701,62292,27345,j2611,4911,581,j2610,4353,337,,,,1
jd,DCE,jd2611,270019,0,jd2612,161707,0,jd2610,91188,0,,,,1
jm,DCE,jm2701,524948,393390,jm2610,96916,55489,jm2611,91753,25127,,,,1
l,DCE,l2701,448690,228315,l2611,136340,14609,l2610,124627,25064,,,,1
l_f,DCE,l2611F,5826,1282,l2610F,5331,187,l2612F,2329,256,,,,1
lg,DCE,lg2611,16522,0,lg2701,4282,0,lg2703,2842,0,,,,1
lh,DCE,lh2611,224001,0,lh2701,123990,0,lh2703,105058,0,,,,1
m,DCE,m2701,2787889,818590,m2705,817133,121796,m2611,616521,56578,,,,1
p,DCE,p2701,598922,376541,p2705,283199,146612,p2611,55859,5686,,,,1
pg,DCE,pg2610,97743,77976,pg2611,80905,14907,pg2612,41089,2775,,,,1
pp,DCE,pp2701,659472,320178,pp2611,147265,29158,pp2610,131428,32803,,,,1
pp_f,DCE,pp2612F,2049,396,pp2611F,1853,845,pp2610F,1134,201,,,,1
rr,DCE,rr2610,26689,847,rr2611,19684,305,rr2612,4832,270,,,,1
v,DCE,v2701,1189246,891270,v2611,206306,14918,v2610,184805,35722,,,,1
v_f,DCE,v2611F,4603,653,v2610F,4051,51,v2701F,2477,640,,,,1
y,DCE,y2701,720573,248620,y2705,285313,55168,y2611,117343,10229,,,,1
lc,GFEX,lc2701,405436,148448,lc2611,136725,25415,lc2705,72920,12505,,,,1
pd,GFEX,pd2610,5847,4945,pd2612,5483,1777,pd2702,475,92,,,,1
ps,GFEX,ps2611,117308,63195,ps2612,34350,5626,ps2610,7431,3758,,,,1
pt,GFEX,pt2612,8797,1591,pt2610,8466,3951,pt2702,592,95,,,,1
si,GFEX,si2611,318231,121088,si2612,66804,19651,si2610,13902,11032,,,,1
bc,INE,bc2610,16462,3933,bc2611,5099,783,bc2609,1010,10,,,,1
ec,INE,ec2610,23423,0,ec2611,10029,0,ec2612,3571,0,,,,1
lu,INE,lu2611,72034,46988,lu2612,53320,12031,lu2610,20199,11128,,,,1
nr,INE,nr2611,83200,41272,nr2612,50088,15348,nr2701,37178,6440,,,,1
sc,INE,sc2610,38563,122264,sc2611,29467,42403,sc2612,16533,10955,,,,1
ad,SHFE,ad2611,19056,3177,ad2610,5060,529,ad2609,522,0,,,,1
ag,SHFE,ag2610,201767,459742,ag2612,183564,112774,ag2702,97485,172448,,,,1
al,SHFE,al2610,244790,54693,al2611,205970,28550,al2612,71349,6243,,,,1
ao,SHFE,ao2701,189745,74222,ao2611,99861,11907,ao2610,64146,19395,,,,1
au,SHFE,au2610,150632,178765,au2612,148321,50338,au2702,65851,12587,,,,1
br,SHFE,br2611,94499,39441,br2610,41397,78186,br2612,13710,2189,,,,1
bu,SHFE,bu2611,263679,64690,bu2610,184141,147187,bu2612,143691,26351,,,,1
cu,SHFE,cu2610,231822,45528,cu2611,132994,16888,cu2612,84200,5538,,,,1
fu,SHFE,fu2611,227565,431165,fu2701,114641,69027,fu2612,81397,23088,,,,1
hc,SHFE,hc2701,1355292,165486,hc2611,351445,6856,hc2610,324678,22969,,,,1
ni,SHFE,ni2610,115753,105405,ni2611,105245,34493,ni2612,54426,7484,,,,1
op,SHFE,op2611,20012,4730,op2610,5041,359,op2612,439,1785,,,,1
pb,SHFE,pb2610,64287,31669,pb2611,48613,11184,pb2612,7535,740,,,,1
rb,SHFE,rb2701,1579033,363753,rb2610,465693,74640,rb2611,378028,11999,,,,1
ru,SHFE,ru2701,167484,167327,ru2705,30546,15209,ru2611,5799,1191,,,,1
sn,SHFE,sn2610,37290,72288,sn2611,18184,17424,sn2612,8124,3671,,,,1
sp,SHFE,sp2611,220694,149086,sp2701,125294,30679,sp2703,34404,3120,,,,1
ss,SHFE,ss2610,92183,73179,ss2611,79081,43970,ss2612,9059,3787,,,,1
wr,SHFE,wr2701,38,0,wr2612,6,0,wr2707,5,0,,,,1
zn,SHFE,zn2610,157529,80202,zn2611,129525,37374,zn2612,43701,12749,,,,1
TEST,TTS,TEST,83,0,,0,0,,0,0,,,,1
